leaf,blocks,consts,bytes,own_size,frontier_bytes,heartbeats,subst,whnf,def_eq,nat_arith,intern,unfolded_bytes,foreign_unfolded_bytes,delta_edges,foreign_delta_edges,record_bytes,execution_s,proof_s,trace_shards
0,2656,2691,17174875,17174875,7568420,7604864,8906226,506208,4995165,7684,160571825,53581061,52971544,165347,164607,22627733879,126.6,37.38,10
1,2900,2921,15602031,15602031,9314534,6969295,7178743,569930,4179980,13546,162139262,59257156,58770733,181154,180703,22211708553,123.2,35.062,10
2,5780,5816,26906018,26906018,10882088,12502174,14907460,920188,6223066,4797,286243657,99009836,92763537,248145,243823,35234591210,226.3,54.436,17
3,2785,2787,17778939,17778939,9579276,8726323,11229668,609116,5355606,6494,208936676,76852121,75877643,213830,212737,27042659172,170.6,39.31,12
4,5911,5916,21721948,21721948,13027674,10348697,11656227,846564,5581588,15529,247268794,84920245,83633398,252411,250972,31965883846,202.1,47.54,14
5,5280,5310,17908081,17908081,10131263,9164393,8441663,778662,4043487,17287,182990629,61328905,60729240,199092,198209,26119443798,160.9,37.393,11
6,8092,8149,14655110,14655110,7012543,5297882,6999721,587457,2643516,4029,119167702,34379303,32974473,122137,119821,19327863328,103.3,29.675,9
7,2311,2318,14305348,14305348,7464979,8549394,8390165,617085,4646305,11002,191441016,67399601,65861788,176979,175820,22010623601,129.9,33.658,10
8,2249,2254,12700687,12700687,6554175,8099623,9389054,635535,4444285,1575,210512140,77227591,73024866,180195,178834,20133699153,119.3,31.454,9
9,4897,4911,22188482,22188482,9987020,17304781,10437713,1247447,5349565,58258,287025061,77349716,75484411,227617,224219,34679281410,230.0,52.798,15
10,4084,4107,17716651,17716651,9352175,8180490,10991273,682203,4670500,5556,228547131,70817466,69120007,193127,191400,28006795205,185.7,40.317,13
11,4021,4058,14558845,14558845,6817969,6599940,9755058,583170,3764967,1580,190260575,53538999,49407184,131996,129182,23488809601,149.1,36.973,11
12,13002,13077,26410662,26410662,9467659,7238136,15628472,719070,5033860,2457,249935043,67332247,60518133,197542,192053,35361943509,248.1,56.205,17
13,807,812,14783970,14783970,9030125,3425957,8673999,243646,2144421,1345,110690428,27334350,26936157,66897,66721,23579260115,177.8,34.51,12
14,1262,1266,12129598,12129598,7211437,4245892,6577266,326994,2346896,2760,104932790,29085698,28486476,77261,76635,18690073253,139.1,28.988,9
15,2763,2783,22023002,22023002,9941588,9544121,12283217,745770,4351196,2725,200866169,55036732,54168576,133816,133257,29860432674,214.0,46.273,14
16,2226,2241,22023205,22023205,10518219,11869704,14442645,855644,6136765,6002,221344307,61740302,60956973,163392,162698,32582443662,239.4,48.889,15
17,2571,2579,18184289,18184289,9113753,8124662,11409282,644731,4044605,2880,197561547,56444261,54851371,140846,139921,27066045362,198.9,43.542,13
18,5234,5295,26568045,26568045,12683242,14456446,15653716,971542,7470800,6779,327712348,109804609,107866683,291753,290430,37854948612,278.4,54.97,18
19,10046,10438,21774640,21774640,7584574,17029803,11115495,1208341,4751024,30410,272326885,52788155,49046227,143999,140279,33872888195,261.1,52.067,15
20,5973,5996,17792154,17792154,10439025,5059694,9509712,432729,3772643,2203,157541484,49087182,48046306,149074,148115,26661027323,187.4,39.928,12
21,4994,5001,14572711,14572711,5548106,3391923,7983938,309123,2765161,439,129978115,40512879,37694974,118798,116549,18936754525,128.4,29.198,9
22,11638,11704,26492589,26492589,9231849,6524690,15023263,608795,4804273,2163,217947575,57945875,53590134,175964,170881,34164955771,238.0,53.805,16
23,2231,2235,23655924,23655924,8602648,7880137,13180192,519112,5345514,8355,212206929,67428572,66345784,181097,180541,31443738123,247.4,48.52,15
24,3004,3018,19593236,19593236,7814136,7051211,9982084,555204,4556524,7075,181129063,59527860,58609644,168835,167946,25900325339,192.8,38.791,12
25,2439,2446,19514902,19514902,7740468,7631955,10809061,540431,5436738,6568,188069887,69563998,67791070,195413,193548,25601882675,184.0,37.831,11
26,2463,2505,16134876,16134876,6731385,7193154,9951039,524471,4579296,3799,178109814,63918758,62750656,171029,170161,22797267532,160.8,35.588,11
27,1245,1248,15849207,15849207,9138073,7109628,8854216,632000,2758692,2246,187217316,36732012,36165538,90741,90424,23910092426,169.0,40.548,12
28,1899,1903,12972036,12972036,8024335,4696308,6556186,369377,2447806,1170,135705057,40345512,39511687,95774,95390,20720962748,145.7,31.502,9
29,3457,3469,23599537,23599537,11168742,48290073,21134462,4644874,15846444,2790,603434945,75422599,73762751,175402,174046,34943152686,262.2,49.168,15
30,2255,2262,23520116,23520116,6213578,6033344,13575258,441795,3742752,2840,212116339,56331435,54719586,121172,120551,29216367503,216.5,41.693,14
31,2214,2222,19418509,19418509,7413691,5973907,10930599,464511,3341357,3482,169964841,45915179,45099857,110533,109992,28563993247,214.9,42.783,13
32,1784,1793,14244208,14244208,9924331,5665345,8029879,405064,3013251,3653,157095098,46030583,45268655,110436,109997,26502223184,201.6,42.619,13
33,2286,2291,11660643,11660643,8152680,11259815,8293865,779796,3755177,6195,214496696,49320371,48181935,114719,114063,25525233771,194.6,41.831,12
34,3670,3690,21201875,21201875,9814180,8487557,12801405,653414,4567317,2697,247208292,67662369,65441733,156981,154992,34100846813,261.2,55.028,16
35,3329,3361,21255391,21255391,10816677,10634067,14991823,721009,5481563,6001,320720616,82441412,80191342,171181,169528,36987458339,282.7,57.316,16
36,4109,4128,17424695,17424695,8244502,11793899,12143741,954799,4711629,6227,239497222,61686590,59412063,150603,148885,30303166645,235.0,50.881,14
37,3419,3429,24140161,24140161,10156837,24169565,13187390,1570100,5822235,42831,390594562,75609411,73755257,198521,197199,38882932541,346.3,56.827,18
38,4994,5032,19782735,19782735,5285029,84605987,11812670,5338610,4968601,183507,1006325670,67998291,63884808,175704,169846,61559053049,539.4,95.049,28
39,4239,4255,24140185,24140185,8848102,11120162,17655206,772206,6271677,2832,326892469,83626345,78246893,190708,187518,35601312582,266.7,53.714,16
40,3758,3764,16214700,16214700,7070505,5630324,9351430,482183,3321309,6256,160182426,48806062,46996941,138516,136458,23172721431,164.1,36.256,11
41,3380,3402,13267221,13267221,6060591,8160556,8621275,528224,2425635,15258,146342431,31864676,30674247,95429,94593,21877776702,162.0,36.8,11
42,702,705,15646384,15646384,7690129,6783939,12193172,380044,3177418,3828,146167688,27312096,27152958,63359,63282,28047862716,244.1,41.987,13
43,1456,1461,12813679,12813679,7133603,4256621,7071153,289698,2631715,3204,123579667,37219155,36553687,88802,88492,19524494653,144.0,28.278,9
44,3346,3357,23341917,23341917,9482296,8299598,12679509,599104,4612652,7002,231544229,67816949,66329655,166827,165732,33176568120,261.0,48.799,15
45,2130,2145,23409145,23409145,8794672,7665473,12285946,532939,4284944,8203,207334994,57935670,57224202,152867,152373,32801399680,261.5,49.006,15
46,2259,2268,19186801,19186801,8257702,6492177,10692603,450077,3465369,3560,175788645,51979170,51000268,122732,122227,27599726469,225.2,41.599,13
47,2558,2578,16572072,16572072,8773266,8767154,9575371,714874,4268956,5590,194905524,51746054,50985264,145971,145387,24160365585,174.0,33.411,11
48,3373,3394,14022029,14022029,7808438,6314877,9022937,511581,4173086,3107,176284443,62236374,60459164,166377,165053,21813970302,152.5,31.363,10
49,6512,6533,25036224,25036224,9924791,10254033,14420627,860948,5442903,3048,248245346,69159546,66719665,183842,181498,34875779582,251.1,56.423,15
50,5242,5271,25030456,25030456,8899229,10614351,16818296,839747,5824947,6412,294704602,78543542,73962779,205079,201343,38377193437,290.1,55.064,18
51,8698,8787,20489400,20489400,7770883,8099716,13321200,732040,3802266,4845,215997241,46068945,40733734,127141,122332,30701943613,220.0,53.261,15
52,1467,1474,14615264,14615264,8556535,8226336,8839752,548984,3641457,15273,156267318,37920352,37424400,104725,104386,24311183066,173.6,38.983,11
53,1715,1722,11959272,11959272,8331976,4861619,6900604,400573,2610099,3472,134863553,37943422,37443658,102686,102259,19901890933,140.1,29.991,9
54,3377,3393,21743468,21743468,8895290,10494856,13820213,757861,5657608,5273,243316172,80701066,78902537,205345,204096,30832219676,224.8,51.5,14
55,2492,2525,21480138,21480138,8015520,10295657,12451712,649311,4964633,10531,267664295,62213071,60938724,150205,149296,30615131917,221.7,51.64,14
56,6378,6412,18489440,18489440,8676630,7045387,11397437,633741,3804678,5261,210218655,56816687,50097519,144492,139131,30287326819,230.0,50.758,15
57,2292,2300,20938999,20938999,8647528,7656565,13214918,596274,3596366,1404,201395834,48576137,47370812,117308,116551,30671239739,241.3,50.903,14
58,2022,2036,17350574,17350574,6539037,4073064,9528438,305422,2449346,2673,144589548,39570483,38564415,88212,87707,23934163822,177.9,39.875,11
59,3438,3453,19097830,19097830,9104402,6948554,11292398,515177,3964905,2214,221424893,66537716,63780102,147094,145558,31397013898,247.3,52.39,15
60,3118,3132,15706266,15706266,7150070,11029020,12542840,662905,4910865,2547,277391505,68544181,64910055,134089,132236,30765333000,251.7,52.851,14
61,12,12,17531343,17531343,10387222,2912354,5123970,100764,3162808,22411,51670957,265618,265618,1074,1074,27940399478,181.4,39.104,13
62,728,739,14788257,14788257,1504214,3842098,6111904,206235,3120342,18383,73121281,16879881,16238081,37659,37265,19053610751,135.8,29.021,9
63,1159,1163,20955134,20955134,5769203,6031138,14527766,375177,3607178,5370,150747795,34785387,34221354,97556,97208,30428137386,242.4,46.646,14
64,1234,1235,17390401,17390401,5629196,5345028,9698710,375205,2442294,3667,150656917,31638096,30966535,71892,71615,24046882620,183.4,40.362,12
65,1127,1131,14140519,14140519,6751812,3875567,8373541,273101,2377243,3985,117052692,31672878,31224701,78461,78187,22971441876,176.4,35.651,11
66,1732,1742,11748301,11748301,6173649,6156368,5881822,416201,2354530,8171,131468657,39486592,39025080,106784,106375,17885193564,137.7,26.621,9
67,3223,3252,21278082,21278082,10991794,8511708,11733456,622706,4067674,5877,212187798,62022078,60315279,155803,154299,34174454293,270.5,52.362,15
68,2515,2531,21226642,21226642,9311418,8103916,12794692,607438,4338995,2952,247504679,63243001,61522798,135198,133704,32806116868,257.2,51.373,15
69,2834,2873,17465829,17465829,5745977,6145889,9757593,459828,2399925,7123,147123704,30666462,28901901,84095,82534,25867292158,199.6,40.054,12
70,2009,2025,17263955,17263955,4872046,7133425,11004525,519597,3214040,4946,209070250,52186580,48989933,104946,103281,25992862217,206.3,36.664,11
71,2063,2076,16634194,16634194,6149343,5507204,10775078,387609,3727369,1855,159645325,39055075,37425430,87460,85691,27047863542,203.0,43.884,13
72,4040,4066,27739957,27739957,7501554,16889699,14922056,1054284,5119695,22525,327772270,60364149,58078493,153179,151886,47179399128,363.0,72.608,20
73,3734,3749,22498129,22498129,8434693,19419712,13846685,1579087,7102238,5555,337165699,68862896,65207057,151979,149469,38582004795,300.6,62.81,17
74,3531,3555,18517795,18517795,6183559,11677725,13862441,978829,4786652,3253,276625127,56996403,52094071,114240,112025,30456805128,226.5,51.84,14
75,4590,4622,18636532,18636532,4240905,6495779,13758353,572291,4529496,5149,244329207,49463859,44598930,120054,117041,26914403957,200.5,41.705,13
76,5511,5603,15249918,15249918,4043210,10278364,13927562,958623,4803417,1782,264210758,45204972,37371266,90825,86307,26974343466,203.1,43.274,12
77,290,291,14549032,14549032,6666680,4220027,10944815,274554,1821701,636,109773033,13033248,12997510,29398,29376,27536660830,220.2,42.886,13
78,688,690,12254807,12254807,7241184,3893347,8387659,228352,2351512,1861,106033021,22838931,22490129,52488,52359,24033591942,197.5,41.561,12
79,1501,1513,21933284,21933284,9524157,5793196,12736579,396573,3288544,1887,162909295,42476727,41637863,99997,99634,33503477357,263.6,54.165,15
80,1289,1292,21930885,21930885,8226558,6295424,12635370,433287,3421042,5094,170891675,43602665,43189401,110244,109915,32517258618,256.3,50.206,15
81,1858,1867,17994210,17994210,6996692,9166015,10069124,826610,2702411,4253,235020451,40083657,39364532,94040,93403,26502881685,189.5,49.287,13
82,1262,1272,20710229,20710229,5194697,95527857,36920195,4086835,23525616,1913,990753836,108679497,106949548,213768,213427,25648557928,189.4,42.955,12
83,1270,1279,17009145,17009145,7549688,42801194,22536657,1935290,12058215,1457,516969358,74892004,73440475,153906,153562,30553025409,266.6,49.258,15
84,2034,2053,19128913,19128913,9055086,7558461,12179349,537349,3710263,2644,192378369,48087847,46924927,119684,119096,29500066236,228.3,43.612,13
85,2158,2176,15730660,15730660,7277989,6261348,9448082,428424,3230619,2946,165139092,38840915,37151634,93565,92463,24242422045,182.9,34.928,11
86,979,980,19002144,19002144,6552877,13952836,14871585,701625,4732959,10081,224597115,39557936,38569057,96088,95746,32511155283,282.3,54.411,16
87,1095,1098,15552970,15552970,3021514,6052715,7979623,341547,3985092,17602,134673876,28018667,27407209,69075,68797,20785755911,161.6,28.97,10
88,4199,4237,31715948,31715948,9869299,45014635,29979765,2328501,15057956,17378,674257440,133610900,129104104,303319,300093,50579375366,412.6,81.101,23
89,1535,1547,20099829,20099829,9092055,9790546,12915133,799931,3335551,1112,250515123,40552355,39382880,93416,92822,34846122217,303.1,53.845,16
90,2012,2023,16484504,16484504,7982739,6067692,10430114,475172,3014327,721,197429367,40897157,39718913,86096,85464,27046412199,226.8,44.024,13
91,1734,1756,16451192,16451192,6001543,5519662,10795052,409999,2808598,4075,156781034,31286683,30128023,76871,76157,27926648478,216.7,48.681,13
92,3363,3517,13505931,13505931,5327058,10179487,10116244,1367121,3712336,4333,212979395,32646673,29256935,83226,80275,23918763839,209.1,40.792,12
93,870,872,15981209,15981209,8187124,5608127,10533211,330393,2937596,2891,129370946,34749054,34474198,82363,82198,26175995513,196.3,40.726,13
94,1373,1375,13093465,13093465,6711758,9548536,7281049,642907,2575685,13296,177376332,36545613,36178560,97026,96762,24345801242,185.8,34.633,11
95,2596,2612,23869999,23869999,10147018,9454412,14312499,683469,5261701,7813,224696614,68742024,67376503,184441,183385,35096045945,264.4,52.049,16
96,3414,3430,23997619,23997619,9272159,10016452,15003414,694230,5137242,7573,243919375,68820559,67342763,172549,171432,33122653934,245.4,53.17,16
97,3526,3564,19792060,19792060,9215231,6122409,11491087,481367,3507213,3721,178322216,50516981,49309006,131937,130948,29986353533,233.8,48.37,14
98,1133,1142,15074226,15074226,6555839,4920870,9626979,929229,2740812,2369,132157318,35884482,35535158,83473,83279,24672658634,199.9,35.952,11
99,1544,1546,15033226,15033226,4867364,6253835,7802468,437604,3255071,3932,154083776,57292537,56259814,135695,135209,18731399708,134.2,29.467,8
100,3545,3560,24669914,24669914,8929372,8152525,13367610,917308,4858143,4433,231799438,72720180,70792065,181354,179136,33017117380,240.8,54.789,15
101,2764,2783,23342719,23342719,7320413,13276387,14684927,1743910,5302316,5959,243982237,62089268,61046276,149065,148261,31873742669,237.9,50.486,14
102,3059,3073,21913741,21913741,8588880,7267481,11400092,548613,3720343,3899,207720581,59852651,58686004,141237,140490,30138595768,222.5,47.584,14
103,872,876,22824979,22824979,8653794,5951941,14569633,394217,2838368,2821,161325711,29604971,29316441,71246,71128,42875504955,383.4,64.929,19
104,1953,1963,18697574,18697574,6466911,3853625,10184058,288789,2577195,1772,131072637,32038025,31186062,79556,79051,25499648239,195.0,41.919,12
105,1647,1651,19238792,19238792,8268771,59355458,14420617,6725034,4477935,3271,1367064102,40969644,40492596,99791,99540,28213274514,218.1,41.836,13
106,1897,1904,15869874,15869874,5063252,30893981,11234270,3437057,3111255,2035,738528704,32047702,30461973,71133,68634,22194462023,169.8,34.462,11
107,554,555,13415558,13415558,6111515,4397203,7751320,530935,1907321,2865,98809342,20795627,20603595,50268,50185,21977155773,174.8,34.099,10
108,1006,1010,10979597,10979597,4331161,4472318,5839077,311443,1871301,3725,91248736,25704567,25268383,63452,63230,16329407195,124.0,25.316,7
109,2325,2342,22133216,22133216,7931741,9876525,12746346,1675751,4201252,8683,225722620,53593719,52451919,134782,133822,33872507301,254.0,47.071,15
110,1739,1744,20966435,20966435,5973268,10658325,12186763,743289,3389800,10500,218699077,38812122,37811988,94699,94061,34595239595,271.0,50.505,16
111,3745,3772,17283628,17283628,5671695,41123573,18676822,2900376,11645499,16460,451236594,51897360,47168421,108146,104580,33804534474,269.7,56.639,16
112,1247,1249,25257882,25257882,6647823,8202180,15637758,510045,5713785,8512,180418603,47414327,46959223,134375,134081,34854261484,260.3,52.308,15
113,1741,1748,20666616,20666616,7510522,6937364,12059588,487900,4375393,5399,170378920,48559948,47836585,132403,131677,29565491683,215.5,49.338,13
114,784,788,20910586,20910586,5561546,56432426,25581273,2421840,13875056,5745,618056139,68695439,68140399,141753,141572,29684929472,237.4,45.778,14
115,1528,1536,17114398,17114398,5966090,27277664,15306030,1321982,7575291,10683,344798550,52172205,51765173,131076,130757,25170117579,185.3,42.207,12
116,508,515,19058253,19058253,5278049,5203034,14208841,311525,2857866,2527,116014234,20497511,20020490,52751,52537,32958239655,296.5,54.601,15
117,1384,1391,15927121,15927121,6669648,4402887,11795351,328234,2787877,2599,128898972,35609352,35166934,93264,92909,31000433879,273.7,46.282,14
118,1960,1971,18342580,18342580,7849445,18795082,15050195,1284308,6623998,5221,298364260,61484519,60032149,139822,138790,31610025869,261.0,53.922,15
119,3262,3287,15509014,15509014,4857507,5426928,12398963,414706,3351759,1274,171866245,34103954,30771930,75955,72919,26991288682,226.5,46.453,12
120,1154,1155,22979291,22979291,8132969,6684079,14569306,434878,3751371,5686,171099636,36271224,35800997,95200,94350,36486780871,287.1,53.737,17
121,1635,1654,18826298,18826298,6736791,32029383,13573180,3475689,3881273,2721,759614838,41372457,40445453,92466,91924,28961171854,238.2,47.88,14
122,1487,1494,18529962,18529962,7229607,5253997,10623302,386843,2580095,892,178521152,38527236,37483082,76940,76233,32523118568,283.9,51.897,16
123,2885,2943,15732253,15732253,5550169,4608830,9243034,338283,2547883,1757,148561520,33954498,32079256,73018,70883,24466982607,181.8,42.164,11
124,2001,2021,19804317,19804317,8617134,19624271,13433578,1278306,6896939,10728,269597292,63777889,63074576,163685,162924,35174693239,292.6,51.92,17
125,1671,1674,16243468,16243468,7063209,10161843,9785035,601136,3600342,10713,184092843,43210722,42413276,109056,108236,27314530385,218.1,41.184,12
126,3538,3566,29510319,29510319,9167819,27649625,25408554,1497404,10612896,11600,446379786,89078758,83948581,192086,188441,47243843578,379.0,78.876,22
127,251,251,20102295,20102295,5933498,3036220,13031374,190548,1552860,764,99664908,12187289,12138225,31104,31073,33317202931,278.4,58.555,15
128,986,990,16477657,16477657,6774870,7745887,10114324,526383,3284675,4079,170435157,33924705,33290665,78918,78646,27186451382,219.9,45.352,13
129,961,965,19324878,19324878,6189040,9234439,13022885,565413,3824446,6009,230071620,43459566,42236101,72839,72206,32784527056,288.7,47.095,16
130,1663,1666,15838373,15838373,6803308,6160566,9884404,439474,2934469,1256,189900737,50682425,49069134,96419,95854,23921848762,180.7,34.675,11
131,395,395,16990651,16990651,4425851,5298023,9175948,274725,2953934,4108,118972613,19323845,19103088,41477,41384,24815018688,192.6,43.922,12
132,976,982,15369903,15369903,5314117,5580076,9732432,380531,2450889,1768,157230865,25303602,24849581,54056,53869,24604799345,205.5,46.38,11
133,2567,2583,26482284,26482284,7348347,11798585,19023669,761099,5247308,1114,321483314,63928395,60831893,116740,115322,40586779602,340.7,62.768,20
134,856,865,17161351,17161351,4608041,14537554,17800441,703386,5431438,216,315863230,48779089,46384043,82377,81890,34089180006,313.7,51.328,16
135,1793,1809,14052060,14052060,5566865,10340888,15080007,713433,4480849,464,307079700,48645485,46228106,81476,80211,39997511710,377.1,66.467,18
136,2893,2903,29835990,29835990,9332487,14985876,23187324,908052,7641525,3966,392719462,84865416,81230086,176212,174613,46867166793,364.6,67.294,21
137,1678,1682,14311489,14311489,4526049,27949252,7979639,1749428,3156621,36147,394015219,30165875,28864825,79507,78259,49753072518,440.8,81.318,23
138,1653,1661,11709820,11709820,4425074,4952237,8235709,359567,2478029,1221,152987632,30901248,28930692,63196,62212,21967631122,172.4,31.636,11
139,3868,3945,24017082,24017082,6463789,12056170,20285710,1943048,5063625,3828,349428903,59651669,53082512,121708,118657,37008736854,294.1,60.156,17
140,2808,2819,23007050,23007050,11766455,31000800,21249394,1646522,10520889,5173,463107817,98179286,96245284,214851,212662,48873081755,393.9,85.432,21
141,4090,4110,24540995,24540995,12743126,14564956,19855238,925651,7021004,1669,388071492,81817802,80002657,169168,168060,54387422120,436.9,94.071,24
142,2578,2589,21384036,21384036,11090877,13813046,18090660,863014,6619494,1262,353167445,69046050,67416196,143080,142257,49641438291,397.8,83.904,22
143,3108,3129,17535212,17535212,11153912,18561359,15232523,1015174,7022940,2219,352499479,70995078,69422259,151254,150020,39706803097,312.0,63.878,18
144,3228,3233,22458354,22458354,12809203,14279348,16059989,896537,6548167,5540,324639875,82393838,80810333,191165,190152,45829161104,583.5,71.797,20
145,5727,5742,18451783,18451783,11118443,6532215,10033984,518572,3784267,3446,182462474,51297118,49694345,146886,144720,30462405199,242.0,51.942,15
146,3079,3088,18425605,18425605,11909375,15238273,13407003,1113266,6010038,6646,288557298,60906048,59652801,145741,144289,39028163482,345.9,57.854,18
147,7498,7535,15075671,15075671,7174821,6368213,9808131,567052,3310710,2452,167759491,37505925,35732102,100570,98416,25524120218,193.8,48.435,12
148,2329,2337,19009405,19009405,9243080,14498181,12592885,831915,5926923,16652,272249522,62901123,61908005,159835,158952,31812731672,449.5,55.327,15
149,2461,2465,15561723,15561723,7262142,13156120,8612171,830769,3577935,23046,219478925,49298476,47898332,131901,129475,26476084518,215.9,42.276,12
150,1961,1972,17272717,17272717,8501249,18571539,15831895,921229,7249481,4338,328878518,71838560,70194091,157359,156508,33121535719,291.2,50.649,16
151,2827,2833,14644681,14644681,7171291,8200058,9446500,598701,3914061,3278,198905052,45116702,43028100,108949,106676,25562396796,219.0,39.377,12
152,2531,2541,18624235,18624235,7516252,8099238,13092936,551145,4068130,1147,272731210,64136105,59066078,118585,116514,38637566900,339.9,60.485,18
153,2619,2635,15250240,15250240,7989527,12047954,12213495,720110,5155587,2169,259080043,60828006,57919720,127410,126172,29187975916,235.4,51.712,14
154,16672,16720,31300876,31300876,10650495,14249100,17781789,1390945,5941257,13437,306099286,82262700,74114359,249813,240151,41435236476,294.7,70.895,20
155,811,813,18024855,18024855,7394743,19332475,15913521,982916,5398543,575,250716146,32622386,32279348,65739,65474,50942926016,509.0,87.734,24
156,1547,1550,14809787,14809787,8707016,9843200,11109255,612087,4257491,3004,215325934,43183591,42355069,101126,99809,34279394988,304.5,59.836,16
157,3191,3202,26883045,26883045,9910595,17236319,20734737,1053386,7910968,5389,380617380,74541312,72313217,178835,177057,50499604135,423.6,84.164,24
158,2277,2287,21762291,21762291,12196630,29742706,22800790,1521300,11029281,6301,476291936,95772358,94996953,211118,210641,41684824313,538.8,87.463,18
159,2715,2728,17820184,17820184,8995327,8834865,11763441,565001,3956199,7489,210333799,51693324,50624076,135402,134659,31720724661,249.4,46.563,15
160,2230,2269,17805055,17805055,8400811,14624691,16284508,844887,6457216,2594,326920890,82038187,78587555,165611,163804,80728697803,927.9,152.716,37
161,2334,2340,14604126,14604126,6828214,28886044,11391568,1625279,4532576,26903,487287382,55468332,51013028,127406,124775,56987474665,477.7,111.354,26
162,1807,1811,17054958,17054958,7365322,11160401,11094211,666827,4539124,5617,223016648,55165553,53942699,122243,121672,28988043215,232.8,45.223,14
163,2728,2734,14040484,14040484,5978334,10127830,8235111,647725,3273072,19943,180690307,46204580,44719003,129787,128870,22796073344,164.8,34.784,11
164,4105,4132,25468051,25468051,7642675,13556528,18453578,907826,6022709,5042,385886554,88630164,82647527,172802,170052,44729843866,350.6,88.783,20
165,2926,2943,15184597,15184597,6748813,9356842,12335698,655520,4459565,851,297527574,61522216,56610026,115760,113658,31760812955,244.7,48.136,15
166,6299,6358,12724166,12724166,5267085,4859444,9569819,419349,3049535,377,156024485,39262903,33649721,100802,96355,20645000427,368.4,34.128,10
167,13581,13715,23328074,23328074,5742700,17270957,15910273,1567425,5643915,5236,293166526,49363455,40589693,147987,136833,31482925593,232.7,71.073,15
168,2493,2504,18942898,18942898,7002695,17324671,16081075,910495,7450498,13417,313916082,73834719,73181519,178409,177721,27915780559,225.4,46.663,13
169,3723,3760,20034232,20034232,9252609,11860073,10975558,841543,5973837,7397,260931887,95529343,93540152,236995,235317,27365220076,207.5,41.797,12
170,2712,2716,17487527,17487527,8403891,12906377,10739916,796351,6035142,12243,272597119,79030849,77460412,187164,186213,25946947184,204.1,38.924,12
171,2955,2989,14403324,14403324,7061060,7325651,6985949,493643,3415873,9257,156674980,49341482,48301495,131885,130955,22391214025,188.8,32.694,10
172,1503,1507,17939177,17939177,8052805,17420026,13736877,896358,6454763,5698,313304366,76382647,75463319,158426,157968,30439866183,266.9,46.242,14
173,1838,1845,14695538,14695538,6378854,18122648,10101793,1037841,4742112,11112,301617473,51623576,50537250,119902,119303,33708230088,303.0,49.799,15
174,4678,4728,27182236,27182236,11238776,35102508,18895638,2028122,9523375,26699,534133039,107549845,105058032,270964,268557,51654429565,430.4,104.663,24
175,1117,1121,17547973,17547973,6783149,32460954,18829761,1633877,10601752,15546,401011394,63578044,62730241,131434,131234,41098578631,413.9,73.206,19
176,1742,1748,14367353,14367353,7348102,20937871,15094951,1033484,8043594,3371,339105837,68814114,67972642,149330,148939,25786683580,218.5,38.372,12
177,3400,3412,27028277,27028277,9925146,24366905,20000233,1305886,9615658,10031,422719142,98654121,96699111,233223,231881,41545855000,330.2,64.657,19
178,1722,1726,14466903,14466903,7240037,24773232,15295498,1231488,8339763,6667,339978272,65893395,64939103,145528,144942,26456016184,221.3,42.747,12
179,1777,1783,12029456,12029456,5692996,19095645,13254291,950566,6826569,5595,302157819,57896987,56905267,129410,128816,21757166882,184.5,36.348,11
180,5232,5267,21787282,21787282,7603871,14186990,16925839,881371,6839061,4708,315367554,72482160,65391586,169112,164115,35177648216,270.0,55.876,16
181,997,1000,24141437,24141437,4421784,15845148,15115607,634651,6518499,23456,192912154,21393749,21158143,57076,56361,43377703931,389.5,74.148,19
182,2501,2509,20284383,20284383,5141588,6564775,10643281,430637,4127703,13362,171308410,39049894,37799072,104268,102915,28394627299,206.8,55.344,13
183,2135,2149,13700406,13700406,6581783,12255189,9296533,754131,3599793,21791,196333828,40668919,39944628,108160,107258,24882485958,217.7,45.623,12
184,2788,2804,11355272,11355272,4694619,7976889,5540134,503940,2385409,14584,136742793,30725582,29100340,89913,87918,18671337943,162.6,33.158,9
185,4616,4692,20547196,20547196,7379372,39338732,23825475,1783572,12974539,6528,556756260,102861490,99688368,212661,210635,34200355549,285.8,60.269,15
186,21063,21554,28366303,28366303,2766762,1733575,4716939,205662,2391196,7354,74496670,11524546,9972987,65568,61762,23237434750,134.8,38.163,10
187,24469,25196,23473704,23473704,3118399,2607715,4945056,367004,2067580,8637,75140421,14865805,11285704,68785,61329,21607858632,146.2,33.103,9
188,9743,9760,16962355,16962355,4175793,14568549,7333881,1284509,3043270,25075,187645192,49166396,43723584,175505,162316,21151400916,166.9,37.98,10
189,7945,7982,13905753,13905753,3099282,10181358,6694610,1206800,2126145,7311,140169638,26253273,24308370,95816,92651,19104431886,155.7,37.062,9
190,19351,19548,25273470,25273470,4285320,8401923,12135561,833093,3738363,15338,162183300,39151234,34367333,146247,137746,28288091563,224.3,45.671,13
191,646,647,17969042,17969042,6864152,42592685,20639874,1842203,10754655,1123,470568424,50876108,50345695,98284,98051,29530273533,276.3,46.099,14
192,1380,1388,14758272,14758272,6240283,48653963,22280385,2148620,13890086,2908,595425810,88084206,87595165,179574,179319,21998536342,194.4,35.729,10
193,2063,2078,26821121,26821121,7066931,52773518,30934134,2344160,15485787,9049,685370285,105762902,104051793,217928,216198,46893591148,443.3,75.996,21
194,849,851,14203412,14203412,4401150,19871388,13816123,936385,6721812,6341,309662455,64754757,64162820,130873,130479,28687240126,291.0,47.612,14
195,1592,1598,12547298,12547298,5572875,12469192,7587947,765966,3569656,2415,212073206,37363168,36561448,85295,84801,18857702029,175.4,36.536,9
196,2938,2956,21980806,21980806,9281394,28618560,19885743,1487179,9761123,11694,440507440,86461078,85239503,197353,196649,35289828966,306.0,57.661,16
197,1667,1672,20674625,20674625,7764868,50358579,25109953,2285507,14588295,1757,619552542,97481753,95856539,199634,199003,34617449408,299.0,57.643,16
198,2078,2088,17253330,17253330,7105132,29095589,19716388,1483578,10405611,3501,443926307,96033123,91356297,202987,201033,32213615555,270.1,55.857,15
199,905,905,15196238,15196238,4123594,29394766,18131545,1264173,9301353,2204,390501471,66492010,65468300,134666,134373,21761698833,176.8,34.386,10
200,2768,2778,15871455,15871455,7642814,16414126,12979538,878734,6421094,3592,293005935,72041116,70345409,163419,162313,28453260900,231.0,46.758,13
201,1986,1992,18826148,18826148,9335323,19889408,15296015,1145889,6938543,18550,320144863,67090968,66654236,165314,164912,35498977958,359.6,53.864,16
202,2569,2588,15471566,15471566,6741164,16595582,10200476,1076663,4416159,41436,249351835,48261373,47445972,136104,135546,28392713771,313.9,41.834,13
203,8397,8440,28111051,28111051,8222769,7965753,15424883,634346,4383481,11188,225674797,57068594,51046462,168991,162361,39188291408,293.1,64.524,19
204,536,537,14540629,14540629,3525756,11617054,10338057,605146,4045779,4835,179443917,33878451,33319128,75469,75272,32000484129,284.7,53.752,15
205,1070,1074,11937992,11937992,5803063,15571171,10370501,729142,4803015,2986,219052310,39153132,38362137,83984,83684,22175177836,211.7,39.752,11
206,2828,2861,25029596,25029596,8083739,19159317,17367229,1065089,7855632,17598,347718044,80645393,79138894,198594,197722,38341367657,310.5,60.719,17
207,2623,2633,23322316,23322316,10446162,14867497,15523226,970144,6114866,5793,276607629,71685409,70088204,166590,165237,38613327330,381.4,56.05,17
208,2366,2375,19346148,19346148,7998660,8878902,12991520,568527,4220101,3291,227505319,53951520,52858179,123159,122493,34828799582,286.0,56.256,16
209,4892,4936,25321220,25321220,8750751,8191741,14732521,637369,4214260,5720,250346284,54161457,51139855,139591,137246,44080665114,374.4,67.362,20
210,3675,3683,16963690,16963690,6173409,8269717,8143824,545226,3258210,9436,182770101,46424540,45150737,133400,131956,24435160746,170.8,42.468,11
211,4620,4716,13901409,13901409,6579057,8897639,7217843,605899,2735814,15717,157990769,38476077,36116436,116346,113771,21196277539,145.2,32.542,10
212,5202,5239,20831893,20831893,6772457,14471692,12130057,949548,3994037,21032,278955068,54062707,49756091,146466,143852,33458210184,482.7,50.202,16
213,12877,13113,25150857,25150857,5894410,11748166,15486024,1360958,4609636,9941,253540978,55565780,48217323,164116,156586,33198178561,252.6,52.56,16
214,1935,1952,26721587,26721587,9678125,11381976,19760816,779822,4903386,8084,273994652,51173440,49993275,118690,117817,52531457405,510.0,92.176,23
215,2329,2346,17910375,17910375,12804937,10841212,13408181,755292,4759402,1774,248770658,54772729,53718912,117640,116848,42157026050,344.4,63.593,19
216,2170,2176,14668487,14668487,8598193,5683454,9497437,393297,3066901,1439,161841300,38624043,37644199,87527,86629,28354628541,219.6,44.588,13
217,4491,4512,26700264,26700264,12434223,10006149,16901050,732692,5456277,3040,293872880,71021456,68370864,167110,164941,49779272475,413.9,82.881,23
218,5694,5729,21853477,21853477,8646611,11139920,15598342,838406,5069056,2150,310504496,72181106,65430198,153731,149561,45728378268,354.7,75.516,21
219,2522,2549,22144280,22144280,6980002,13202646,17342720,804949,5803094,947,384312973,81121851,75535136,131702,129795,40723066678,374.7,69.889,18
220,2363,2377,18301928,18301928,5560613,8987600,14155177,629369,4407132,343,281711016,60662356,58049868,111239,110093,38443312968,313.5,59.632,18
221,1528,1566,14555371,14555371,6547569,6340698,9495448,403495,2683659,3715,144471904,32979915,32253433,79011,78433,28796251052,246.4,46.148,13
222,2028,2030,11954329,11954329,4866718,3901573,7088534,300117,2338291,2209,115734283,28261216,27533857,75589,74952,19042978193,136.4,35.377,10
223,2889,2914,21694870,21694870,6610696,12986535,15629002,806584,5608313,5532,269574247,52915909,50607695,117788,116423,36994072577,292.2,59.758,17
224,1095,1098,14666097,14666097,5842504,10088618,12504629,567346,4253059,687,229640279,49548445,46795038,86475,85769,30069590329,258.6,46.732,13
225,1508,1517,12060761,12060761,5566167,12427643,12720760,1644438,5027263,1171,283141095,60906251,58711866,113085,112285,24066109658,180.2,42.182,12
226,2949,2972,21963703,21963703,6891208,10878082,18465503,690717,5545149,1482,346314440,72947496,69360681,132868,130702,41178059627,367.4,64.723,18
227,2050,2059,18093506,18093506,5861591,13263085,15448524,2668252,5575548,1451,341007777,62621121,58953420,111342,110030,34596722258,282.8,61.835,16
228,3935,3957,21921032,21921032,7952859,14860196,17844309,1093802,6060685,143,387263141,69312613,64126619,125873,122905,45714081671,404.3,72.931,20
229,2671,2686,21864788,21864788,6334349,7811888,16410344,638616,3882951,1648,239744244,46757449,41675570,96835,93899,44085905223,391.4,79.626,20
230,4372,4414,17892093,17892093,5690895,13543061,13425060,973016,5065818,4453,251649864,50362751,46214952,110572,107817,30655183927,244.5,52.323,15
231,719,727,15849968,15849968,2170993,5491257,9333448,283724,3776036,20504,124406513,17524237,16530217,32743,32441,23786562257,185.0,43.589,11
232,5717,5760,17214148,17214148,3432388,16252591,15016538,1513633,7211191,1970,287574390,37593260,31162201,74973,69480,25911306024,202.1,45.317,12
233,240,243,14953479,14953479,6834704,11206897,10365188,498979,3113190,169,160384707,17476610,17397938,33011,32791,32866918474,309.4,53.741,15
234,265,265,12266605,12266605,5373654,6244749,7978493,311313,2266117,440,122203611,20105025,19997224,38648,38613,22240981678,197.3,39.25,10
235,852,861,22279724,22279724,6224425,9041095,13553581,477517,3210885,1168,180500980,28592958,28333509,57295,56896,37632100258,344.7,61.36,17
236,1047,1052,19934862,19934862,7215107,14232207,18749455,774239,5078919,2279,265054126,46828792,45658391,94303,93655,35460172502,314.5,57.799,16
237,2914,2938,20884020,20884020,8886433,11056689,14712347,674384,5243406,3856,273871633,66327588,64850640,149310,148146,37450178940,318.9,64.602,17
238,429,430,17260628,17260628,6460038,16787522,13408597,879769,4677506,133,257393540,40316827,40134725,67954,67886,35298033624,324.5,54.718,16
239,891,894,14144601,14144601,5419523,14347487,13179249,874863,5121566,360,245574677,46856932,45865907,88938,88749,26492627972,244.5,39.766,12
240,2532,2542,26844561,26844561,6928977,15874336,21782210,1051227,6192973,6184,387098045,102181446,89411387,168328,162939,39571984696,334.1,56.741,19
241,1368,1374,21913510,21913510,7605762,16946096,19746770,1016039,6040338,1475,298737935,53081842,52201758,102289,101746,46654393779,426.1,82.459,20
242,4484,4511,26685419,26685419,11654083,12775656,18776482,923444,5876526,5195,312731534,70341529,66005303,155179,151884,49942513719,417.6,88.817,22
243,316,316,14590771,14590771,6757474,25056879,16158604,1177071,6226306,575,304494330,35040561,34229225,59266,59153,34616318568,307.8,53.848,16
244,786,787,11939085,11939085,5055062,14545807,10754448,741995,4599352,3849,237670876,49739306,48846600,98145,97664,23519091367,201.8,40.428,11
245,2422,2441,22167814,22167814,10183421,33473681,22712847,1651078,10593205,4539,482376388,83205486,81858903,179155,178245,46251615821,406.9,80.352,21
246,1757,1766,21837964,21837964,9488836,24807062,18439778,1423583,7875755,5161,380387405,76814279,75797087,168027,167294,43692357457,372.9,70.321,19
247,2098,2106,18087666,18087666,7951145,23948272,17118614,1393667,7678725,11220,378442695,74894626,73095214,154282,153085,37125641261,306.0,59.105,17
248,1608,1624,21969344,21969344,7784554,19963891,22261332,1109728,6628667,477,358318855,64355911,61067688,125033,123710,41678167636,367.5,70.933,18
249,2300,2323,18145050,18145050,7624757,10828452,15526023,620296,5218367,974,269664374,55898935,54007001,115860,114748,34137096597,307.6,58.796,16
250,2077,2093,18009503,18009503,8030120,12810732,14046020,911720,5209232,1294,265554663,59597461,56633459,118909,117707,35430050455,290.3,57.207,16
251,3229,3246,14844860,14844860,5718750,9591412,11559303,695526,4099902,4975,245752901,56310680,51341424,107373,104812,27862082441,228.1,48.727,13
252,1694,1698,20198826,20198826,6019492,19697845,13846110,1179420,5383213,22283,380500802,78224336,77266072,152034,151580,32313725298,285.5,53.92,15
253,1545,1551,16534928,16534928,5474898,7165296,11058558,468581,3664598,3926,202594283,56110677,55563926,111733,110603,27319737221,245.3,42.746,12
254,1674,1692,16525215,16525215,6677457,7598649,11216092,499551,4011066,2506,221019778,63911849,62319413,125162,124289,29007617682,283.3,43.887,13
255,1446,1450,13574024,13574024,4415016,4247071,9119645,303427,2566171,2075,140260394,40704283,39614956,85616,85172,20856094793,183.6,37.154,10
256,3128,3159,18540946,18540946,7513461,9526967,9755532,645617,3615869,13483,194783831,47342631,46691755,139539,138876,30464298731,265.9,46.988,14
257,4631,4688,16349050,16349050,8345286,23033813,9653148,1398841,3119381,45323,361704429,58833067,55650448,154554,150986,40876567002,341.5,72.115,19
258,9589,9790,28552049,28552049,8691900,17503668,16828580,1373028,5547356,29953,329212132,69857471,62689090,193778,187300,45866746121,364.5,77.532,21
259,1418,1420,17846000,17846000,4697790,11620667,14111354,821238,4548928,2025,245411460,52258826,49662339,112597,110792,36029394345,330.9,57.944,16
260,2035,2052,14665688,14665688,8098600,8085402,10522755,586059,3388082,4733,196723021,48191917,46679551,105479,104456,28297512031,218.0,48.732,13
261,4038,4063,26600846,26600846,9104646,13097615,21289087,946739,7084981,2540,375218411,88566561,82525536,199638,196886,41438950141,320.4,67.859,19
262,1060,1064,14637236,14637236,5890703,19781616,13357286,2300261,5623260,674,360567111,47324848,45926596,79519,78948,34467908295,320.6,54.658,15
263,1581,1592,12008228,12008228,4746111,6501803,10433967,474086,2719234,3575,181269962,39493380,36801947,67748,66825,25295890963,199.2,45.579,12
264,4184,4222,21819929,21819929,6417590,11747886,16825974,907686,4127992,10849,289965867,44685307,41191798,106979,104621,36378498190,291.7,57.592,16
265,1939,1947,26595504,26595504,7847554,8646573,18074570,537189,3687315,6963,219141196,35078861,34382574,82778,82139,46556506276,404.9,74.548,21
266,2363,2380,21783621,21783621,6582733,8930087,15319594,667792,3810603,738,206281110,39959235,36754088,78528,76985,39092663138,339.2,61.328,18
267,1405,1410,14393913,14393913,5166301,16289936,12108667,1166892,5106797,338,224267737,39359562,36831522,66392,65286,32604588805,283.4,56.188,15
268,2829,2839,17258913,17258913,6849143,5877826,10832309,466201,3186643,2610,163112258,37195174,34426545,79081,76687,33421928730,285.2,59.255,16
269,5037,5072,26103458,26103458,8320998,12095122,21396893,934352,6068516,82,274130593,52774000,48134465,105887,102659,43244298773,350.5,73.871,20
270,4996,5026,22939086,22939086,5268549,32214198,26333760,2962646,9916708,56,637076830,112114152,82553822,154313,141473,48985938454,434.7,82.85,21
271,7045,7130,15339093,15339093,5079960,6340532,11889604,660585,3501559,115,199433203,37701221,32347389,79428,74843,26535452778,203.8,41.364,12
272,4949,4990,12568245,12568245,3096747,6773197,10246219,708416,3559659,173,178378509,28960518,23476438,60003,55328,20801853583,158.2,34.278,11
273,8032,8073,22877381,22877381,5251873,15568486,25025030,1407209,7089127,1883,404624727,54738819,44630233,109742,102751,36419316616,292.8,66.427,17
274,7711,7764,18749219,18749219,3174989,5674910,13769208,660070,4140847,414,207517088,30241679,22242081,64762,55994,27231516008,210.1,46.724,13
275,1534,1538,23753623,23753623,6828664,13827823,13637900,880150,4211947,12553,252054109,54928325,54004955,121788,121289,35247518545,274.0,59.497,16
276,739,741,13768930,13768930,7658735,6334349,8710657,443252,2306838,1234,137949076,25123199,24747977,50539,50406,23474213443,184.8,36.977,10
277,1078,1086,11302390,11302390,4375136,5798733,7305445,430233,2390879,1130,150036938,33171513,32231392,62482,62231,17116662280,135.6,28.693,8
278,1369,1377,21979549,21979549,7654644,8085552,13925484,533327,3727738,1767,242163683,59560844,58435995,108507,108067,35754390578,297.4,52.944,17
279,1904,1912,18013822,18013822,5956003,7924235,10774725,554659,3668726,4003,232017113,62885908,61664923,120009,118633,27498624745,236.0,43.581,13
280,1649,1657,21547907,21547907,6029715,13242349,17514673,905693,5235597,2809,267090957,60687663,57850054,118007,116911,37434542764,318.1,56.2,17
281,2263,2267,17664732,17664732,5569997,8726218,8503085,541439,2909410,9504,169262887,41702958,40509953,114817,114141,25095750917,198.0,38.994,12
282,1704,1719,18407072,18407072,5850269,8217879,11688968,528986,3564004,3483,222363594,51741320,50410117,100444,99526,29978500380,245.3,50.826,14
283,2652,2676,15101825,15101825,6230834,8186927,8997676,522649,2919648,6687,171631335,42948383,41660160,103381,102601,24315676059,190.1,37.866,11
284,1654,1656,28439093,28439093,8621315,27888507,26809731,1435133,10219174,3012,358235727,57324333,54896895,122231,121323,54242003485,503.4,80.769,23
285,1732,1740,16444184,16444184,8459900,10576132,12083242,610244,4476364,6104,217308249,51706414,50838419,122369,121668,32250046935,280.0,49.231,15
286,2482,2495,13515976,13515976,8074881,7706650,9489217,527427,3795646,3527,181876663,45570204,44259769,109835,108942,25596972424,213.7,42.765,12
287,3763,3780,24718725,24718725,10586132,49316239,22455707,2810835,10978309,29660,622115310,87092460,83669568,204043,201631,69258193207,582.8,119.367,30
288,3314,3329,23126357,23126357,7176234,9759022,12879054,732200,3993650,9243,241490080,53804450,50596343,131581,129657,38292383209,301.9,59.565,17
289,1690,1698,14640284,14640284,5492206,6969390,7966106,456698,2848914,7305,137444196,33506832,32631853,96530,95844,23540141801,176.4,37.83,11
290,2554,2575,11985781,11985781,5856728,10647414,6877953,743498,2464950,21559,194634264,38725591,36716435,95373,94009,25021763834,190.0,38.933,12
291,4505,4524,21797804,21797804,7469798,22455220,15806654,1550080,6066447,22877,428638664,80170027,74841365,164827,161751,43017836915,340.9,66.153,19
292,3658,3682,19841075,19841075,6839270,8536853,13300668,576718,4129025,3411,228775086,48508634,43612434,104108,101835,31877731946,236.4,57.789,15
293,7016,7095,19859137,19859137,5457662,6386057,14940558,572535,4166427,782,243763469,50770199,42568666,110652,104574,31506979077,233.2,55.601,15
294,418,419,14073432,14073432,3698024,9162666,12233402,406280,3074656,992,160924753,26420967,25683209,51486,51386,21307063071,177.2,34.264,10
295,564,568,11580652,11580652,3737341,24307739,13546653,1070557,6624334,2348,301085789,41889962,41506668,84371,84314,18182270624,152.4,34.178,9
296,1476,1484,21014717,21014717,6456439,21168962,19270078,1173410,7075659,2649,371704372,67549703,63958777,119569,118776,35686327678,283.0,52.238,17
297,1467,1469,22194419,22194419,6882517,19535223,18263900,1124135,6904053,921,362751699,71063400,68156412,126984,125781,43758295326,372.2,78.727,19
298,2051,2060,18430508,18430508,5161469,7594631,13616511,517451,3958845,703,228292898,51571814,48489390,99348,97679,30698816578,267.6,54.196,14
299,1351,1353,16960480,16960480,4246601,9873961,11147730,659627,3650252,1303,217888155,47721932,44775431,84774,83900,30220120201,247.2,50.638,14
300,2933,2943,15986951,15986951,5171638,7522597,10088177,536907,3673213,1777,242280661,59351605,53611319,104506,101320,31750053506,270.3,56.022,15
301,6337,6392,17341927,17341927,4482658,7575507,11132689,631505,3706433,3474,207394321,53442956,47928774,135643,131418,23604439754,176.1,39.56,11
302,13491,13576,21157020,21157020,2152473,6489244,11428015,596464,3327981,9056,188421138,50350048,36830044,143399,126689,22781473041,163.7,34.32,11
303,326,329,18407657,18407657,5204225,31649135,16246735,2307609,4642191,357,383576159,10954009,10856865,20565,20496,58637325145,623.1,101.532,27
304,749,750,15093469,15093469,2608597,7236408,11090286,455322,2577625,147,165598612,23675420,23039148,42647,42357,27270922782,223.3,47.02,13
305,2195,2211,29916436,29916436,4128634,15615873,23078877,920566,8193843,2245,404458244,66376503,61515627,116602,114724,49122487487,424.6,81.087,21
306,3943,3992,19643662,19643662,5804086,8277413,14109590,628630,4287556,2291,240387516,59894146,53992841,125707,122425,29875461874,238.8,44.99,14
307,7202,7261,20748259,20748259,5277230,9080978,14746971,828448,4786148,5097,255318307,51624073,41863416,113362,105263,32136029073,257.7,53.371,15
308,5199,5222,18195053,18195053,2878166,6373434,13292905,1194500,4083914,1963,217480679,44830736,34056093,82298,77184,23497483239,181.8,37.935,11
309,5389,5471,14938879,14938879,3057579,4103896,10329113,484770,3357252,1645,164516789,25814329,20024932,55828,49921,22793237746,178.6,38.487,11
310,3049,3107,21616886,21616886,9332675,17346373,17723472,927884,8353386,8157,336731189,94037954,91808183,239119,237508,31623196246,248.2,48.716,15
311,3691,3720,17747946,17747946,9079477,12753125,12291182,775029,6030804,5013,255948465,81683725,79680684,205714,204400,26207309785,219.7,44.166,12
312,2628,2652,18126556,18126556,8821970,9643991,10522506,699743,4811758,6540,172192397,52252963,51091389,147855,146426,27640068588,206.1,45.429,13
313,2652,2665,14973122,14973122,8437188,6337480,9041930,541432,3146481,4800,138774088,39977269,39009357,107688,106897,24205058602,182.0,41.525,12
314,2467,2478,17925215,17925215,8358671,7820892,10628446,599066,4432656,5018,192468497,55813032,55050467,154957,153683,26652096342,195.0,46.682,12
315,4223,4290,14758789,14758789,8426290,7922562,8757087,662619,3344636,9845,167075993,47191964,45744219,131542,128440,24640222086,198.7,43.143,12
316,4380,4400,26792249,26792249,9417014,26672232,17446962,1855061,8412098,23804,341663229,85894786,83637106,237519,234860,37395911493,309.2,56.797,18
317,1298,1307,14606367,14606367,6041443,4659237,10506647,317097,2842078,2420,119850921,33345498,32185152,85401,84926,22941097109,188.8,37.007,11
318,2550,2591,12282681,12282681,6161076,29080529,9648581,3237663,3057091,2956,668736133,31422614,30416176,84290,83261,19079485561,149.8,29.407,9
319,4110,4159,23393444,23393444,8865788,7278124,13947150,625711,3839807,6100,238859450,55544823,52408847,132485,130822,35085750762,281.3,54.373,16
320,1922,1934,14494244,14494244,6181917,7126084,9794093,439082,4114419,3471,169630420,51970807,50532151,122941,121691,21707473187,175.2,33.918,10
321,2697,2709,17248884,17248884,8949859,7945778,9594455,539072,3287698,8858,181834311,50398535,49351712,127728,127124,28234074751,239.3,50.562,13
322,6610,6676,26383716,26383716,9017791,14288499,16336238,1105131,5183217,14119,280796143,67776013,65593687,188964,186450,40443411774,317.6,66.955,19
323,1232,1239,14188467,14188467,4389964,4224715,8211362,278166,2705636,3295,115361454,34818443,31077712,82247,81088,20982644467,161.5,36.657,10
324,1971,1998,11625604,11625604,5055520,4814233,7060766,358663,2657446,4106,127129674,38162974,37212440,93523,92742,19067662778,143.9,33.876,9
325,2869,2889,21173010,21173010,6661085,10441983,11944064,648991,3873433,9530,221075994,54362075,51407093,123414,120957,33133800785,272.8,58.167,15
326,2999,3016,23076065,23076065,8255608,14332057,11591834,937695,4849626,21515,284293141,65098704,61894351,164863,162797,41178798416,330.9,62.598,20
327,2644,2665,18908620,18908620,6204007,7938406,11863618,601391,3967855,5246,197474536,49931361,47467860,117189,115876,30454937732,244.7,51.187,14
328,2248,2261,17912376,17912376,7429780,8361648,10270502,613437,3487014,5760,182674478,51953430,51072379,124838,124148,26966018791,197.8,42.823,13
329,2397,2434,14727329,14727329,7951388,12535679,11494137,756361,4870133,7086,240093219,55800577,54516227,131469,130479,27774210075,234.3,46.779,13
330,4268,4322,26747509,26747509,10117765,10700499,16124812,781892,5306474,5614,280212865,79510662,77691549,180277,179011,41131313006,332.0,66.757,19
331,4017,4110,26610788,26610788,9306874,12011181,19178354,929585,6611344,5967,345224610,86528137,80313074,200401,195809,40764565511,326.3,66.314,18
332,5657,5742,21991852,21991852,8082636,10964519,15657910,844397,4585214,6992,257578928,55771265,52070080,132731,129624,35751088101,277.2,59.673,16
333,94,94,14753108,14753108,6148991,15864343,10795595,680934,3655159,1130,185848096,15585850,15574599,27452,27449,30038187699,269.8,48.761,13
334,197,198,12074472,12074472,4753497,23442876,11966989,966175,5605217,504,245244534,20794938,20711129,41004,40988,22408417472,211.6,38.816,11
335,1132,1140,21962313,21962313,7571912,48921529,24577154,2180516,12612909,3645,570998138,68773725,68251395,142279,142131,35461925120,309.9,54.27,17
336,1012,1018,21713784,21713784,5677726,73037984,31241742,3224647,18091530,2023,796505188,88444647,87508803,173924,173723,30142615164,257.6,50.167,14
337,1656,1674,18220171,18220171,5763428,55162559,27800388,2516565,16030913,6565,727452492,116127411,111299543,222621,221301,27090094534,215.8,43.146,13
338,576,579,17018976,17018976,6294842,34058875,18467253,1505551,8797567,2258,406062196,48445421,47809480,97888,97778,29130671403,266.3,49.535,14
339,1099,1101,13924736,13924736,5943729,38039313,18168250,1756222,10634645,3040,465074837,68975256,67708921,140773,140412,24173399164,207.1,40.92,11
340,3722,3752,28191307,28191307,11438802,22888802,21019694,1259579,9608142,6183,432656225,107512099,105262547,250897,249129,45902968518,370.3,73.183,21
341,3112,3286,22165619,22165619,6621350,71090207,32584446,3042719,19333352,4055,809770937,99024761,97323705,200116,198309,30863775382,264.2,46.501,14
342,3639,3675,26223449,26223449,10137198,33331763,25290083,1670687,12077175,6045,520146610,97455508,95691762,225748,224403,47321490511,399.1,78.895,21
343,235,236,13982213,13982213,4984432,18207210,11178927,837834,4492768,399,207140831,22556191,22345596,43623,43572,25372443885,224.3,41.129,12
344,649,649,12191623,12191623,6072180,23262889,12625918,1076606,6261318,1751,263809273,34424152,34140851,73465,73235,30729252226,287.6,51.808,15
345,1946,1953,21433061,21433061,8715523,23044173,17187420,1247936,7538158,4681,323284534,59164810,58400251,137442,136472,42328077430,362.1,69.916,19
346,1596,1607,17538374,17538374,6114226,29145792,21354532,1638696,9527321,1084,370100791,59686761,58000350,118436,117250,29430491645,232.4,52.689,14
347,2551,2566,21417867,21417867,8939706,21395033,19211755,1100477,8069861,2431,369194130,74774045,72746215,161544,160295,42724382510,353.0,68.103,20
348,2274,2286,22856245,22856245,11002404,13923308,18444890,871549,5405775,4264,358320332,81770341,80394087,146541,145868,52365158259,446.3,82.535,24
349,2159,2178,18709799,18709799,7269421,36070553,15613192,1937123,6334753,15399,516368566,55705963,54241209,113185,112405,55384148004,478.3,85.68,25
350,2144,2162,18854069,18854069,6108451,13295425,15113969,730516,4761356,1843,247848652,43362942,40821179,96789,95032,32474991677,281.7,53.59,15
351,2343,2384,15446804,15446804,4197271,13417551,10556738,718939,3671924,11752,228031872,34252270,30986597,81566,79564,27420988669,210.9,39.997,12
352,359,360,14738357,14738357,7350797,21999986,13787839,1001664,5735066,417,257100616,28873788,28742302,52678,52604,33135078772,318.7,55.221,15
353,633,636,12074777,12074777,6876709,15521712,13767462,888784,5095972,146,230875289,37300812,37121074,71069,70959,28010858204,253.8,44.182,13
354,2547,2583,21956215,21956215,10796296,15991048,19751527,939899,6986846,389,329876163,67768843,66469703,137910,137160,45019860642,392.4,78.388,20
355,2091,2100,22551099,22551099,11113612,22676860,20423563,1411467,8702083,1707,402821015,78794258,76915303,168560,165084,55079680035,488.3,95.331,24
356,2074,2088,18508816,18508816,9288477,21212745,18120048,1094253,7716636,1039,364791355,71040143,69278824,143685,143085,38193056827,324.8,68.472,17
357,1,1,58490064,58490064,437725,4724060,20999202,331028,9731729,79094,109159310,95708,95708,289,289,96059384396,764.9,156.494,56
358,11,11,154296,154296,58973187,51363,114703,4212,42658,79,33132517,336541,336541,983,983,43303709237,220.4,52.906,18
359,28,28,151553,151553,396579,49031,43187,3356,41411,109,1548678,423939,423939,1380,1380,557476550,5.6,1.731,1
360,910,913,18672586,18672586,7061381,9214485,14451126,509294,3463988,1773,187353895,31866268,31267336,64714,64595,36736812529,355.2,58.057,17
361,1705,1725,19631422,19631422,8849631,27317962,19776818,1325569,8682454,2909,404019318,72759512,71104192,146525,145925,37910423380,328.0,67.705,17
362,2215,2257,16226030,16226030,7363112,9904490,14338584,909772,4246104,603,221019597,40681648,39311482,83786,82636,34094594716,305.8,59.368,16
363,1511,1519,25855985,25855985,9054539,16588269,21181195,919848,6275986,1906,300816256,62883626,61603216,123533,122940,48944340954,496.2,83.115,23
364,2362,2378,23012116,23012116,11441339,14593779,17470008,836540,6502144,2436,316093904,70750995,69708470,152768,152261,43652617142,416.0,71.538,20
365,1086,1091,17456129,17456129,7118774,26583722,17885925,1245670,8275201,594,370404955,63460003,62072739,123501,123164,31583468517,293.5,48.875,15
366,1629,1656,14484541,14484541,6778140,17976965,14453420,933660,6722165,4045,298897565,57777190,56711007,124265,123672,29611160295,281.6,43.697,14
367,2425,2430,26135424,26135424,10932110,25368815,22356428,1368929,9164796,6893,418246167,89062906,86773040,190923,189320,50329966432,451.5,91.239,23
368,1729,1739,21912301,21912301,9138191,28636721,21449935,1431289,8516574,1924,400276516,58552299,57070837,118976,117863,41565609521,413.8,77.893,19
369,1467,1476,14225473,14225473,6708553,9779054,10690766,546340,4116804,1410,211127918,55140963,52247918,104533,103510,26475133704,224.1,46.164,12
370,2103,2114,11641597,11641597,5412847,6167976,7469642,404178,2654147,1827,151403506,35602673,34270392,76589,75872,21093506016,174.1,34.265,10
371,2450,2463,21909284,21909284,9071202,9397152,14679255,613825,4624540,1993,254574786,58841076,56639112,125527,124307,40911551429,359.4,71.659,19
372,3049,3108,17997612,17997612,6013769,8006969,13430027,544793,3759022,1553,219503090,47640890,44408314,97709,95815,31463745877,255.6,53.548,15
373,369,378,21423690,21423690,6848442,42858186,23575339,1733229,9701113,192,397727743,25921772,25871826,48677,48636,37607936999,338.3,67.287,16
374,555,558,17860599,17860599,3815270,36726120,20122871,1502674,8859479,287,353305524,29561106,29535760,59073,59051,25173452156,197.3,40.812,12
375,685,690,18355235,18355235,5493568,23072902,16845873,987318,6168718,1147,254035971,24102915,23860249,55263,55148,37094410659,354.0,59.431,17
376,1187,1197,15124120,15124120,5309426,21552169,19080566,1072022,7632625,1255,373417446,70296201,67460230,130296,129660,28892863817,257.9,42.341,13
377,1527,1536,18142961,18142961,6408424,6636318,12779653,402541,3337183,2401,192472007,33708365,32912044,77630,76667,33330435478,307.0,53.745,16
378,1517,1541,15078438,15078438,4090044,3138172,8707697,233672,2257267,1634,130610851,27587757,26176151,61304,60653,21910570316,185.0,41.954,11
379,2474,2497,27769198,27769198,7061454,11327673,24867858,897562,5692633,1438,329479080,54223068,49898119,110311,108431,51033192571,475.3,81.97,23
380,335,336,14701854,14701854,6009585,12795283,11778640,603219,3540149,18,200668056,21885354,21576875,37425,37177,32074569947,299.6,49.514,15
381,1321,1334,12056065,12056065,5069041,9099471,11696651,530449,4272448,228,230587365,52539898,50575617,94606,93942,22226786002,224.1,37.214,11
382,2292,2303,21925426,21925426,8012245,11049000,13650194,733510,4494951,7754,263693919,64597635,62676866,140890,140044,40166675287,375.0,67.294,18
383,1879,1917,21496090,21496090,8356968,13413339,17509461,724526,5985697,2905,281352393,55791247,54015516,118974,117848,38044075105,340.2,57.307,18
384,3204,3273,18338434,18338434,7637701,8226176,14172591,558416,4090523,2203,245727914,55852762,52991856,116676,115008,36970515778,307.7,59.301,16
385,1789,1837,21589810,21589810,7378009,7665973,17248458,488015,3850345,2261,227475421,42711419,40799176,88836,88035,39844918210,370.1,64.279,18
386,2967,3001,18013523,18013523,5411228,99841684,21260421,7018606,17175336,30370,774306625,55196143,51682057,104406,102520,52561495326,472.0,86.802,23
387,1385,1395,17993383,17993383,4601072,6991253,14223124,514927,3083724,477,184712234,31574826,29415887,60154,59098,34913466856,302.4,56.251,16
388,3079,3168,15402506,15402506,4694391,4332090,12464715,471696,2640814,1130,151744905,29721711,26472933,66875,64592,26950403670,218.8,46.382,12
389,273,273,16846865,16846865,5072115,19078972,22987304,803802,5322742,1661,239380004,23652173,23606679,44250,44238,41431103068,389.9,68.976,19
390,856,858,13800780,13800780,6559441,16402003,12147468,776019,5508949,3501,249995535,47383819,46777537,98277,98136,25533959653,228.0,44.046,12
391,2906,2949,25426434,25426434,12443126,17110659,17778530,976880,7081665,9267,345323005,79035500,77610570,187550,186184,49169679825,472.8,82.151,23
392,2025,2036,25000292,25000292,10772231,30283999,24990801,1581242,10917117,3397,465239536,79515119,78319649,163925,163280,48309501599,438.6,76.124,21
393,2890,2937,20905704,20905704,9818079,27045513,13697044,1913523,4514182,50979,370599382,53208766,51434608,122025,120561,54614282620,479.2,99.889,25
394,1114,1116,20874008,20874008,5346332,18424149,18173203,885297,7302777,1956,318604798,46921520,46151892,93034,92561,37922741855,331.7,61.569,17
395,1415,1429,12424857,12424857,6210021,4382887,7468916,310871,2381043,3705,107945433,25985184,25627958,74744,74171,22795217676,181.5,39.665,12
396,1256,1264,10165876,10165876,3708129,4374681,5804566,290315,2401269,4111,93782771,18215182,17625538,50084,49707,17069547167,118.2,25.76,8
397,2213,2249,21940893,21940893,6873087,13198793,14673915,746578,5394729,7297,246040735,49874762,49121646,125016,124170,36793188418,297.2,57.137,16
398,2013,2050,18434270,18434270,5805169,7062092,10925473,536964,2897728,10512,164586292,39083102,37927496,97975,97383,29507605315,230.0,48.158,14
399,1373,1382,15774191,15774191,9642274,12780741,15969425,3999202,5187583,486,277416924,40839936,40104333,77659,77176,39170270228,339.8,70.402,18
400,1564,1567,12949825,12949825,7498260,5693577,9544725,399313,2828349,669,163088185,32384442,31584797,69854,69490,30180540310,254.9,52.956,14
401,2730,2781,23528206,23528206,10150779,9435417,15751450,674207,4800463,2667,259833310,57408737,54626382,119908,117955,42141706832,361.2,67.162,19
402,1928,1944,19264800,19264800,7109892,9887957,14089938,679842,4905181,1954,246701392,45750618,44117582,99474,98862,34234631271,289.2,57.444,16
403,3680,3704,23496966,23496966,9954728,13278576,16861770,5131099,6036039,385,352851955,69946863,66366961,137710,134842,44640282661,363.2,76.055,21
404,1,1,44056231,44056231,180953,4743531,17432067,360841,9688533,81282,105844659,22971,22971,98,98,76658782940,572.9,112.323,42
405,19,19,154991,154991,46447628,73508,45966,4453,33104,239,56508090,407060,407060,1498,1498,34039977189,179.9,40.431,15
406,1132,1144,16338538,16338538,4277092,6970406,12029381,429792,3673207,10740,147448204,24853817,24397622,60751,60525,27562803984,268.9,45.089,13
407,3131,3200,23380852,23380852,6902830,11319233,15900164,917194,5093424,1107,268185566,62672800,57306395,114718,112379,40703331772,343.2,64.502,18
408,4048,4133,19138657,19138657,5222766,7001808,15331706,778810,3935885,86,229161404,36819848,32744868,71363,67568,34610238571,287.3,55.922,17
409,174,175,22105171,22105171,3176073,13125823,16337671,554968,3873169,57,193603675,18219859,16167065,28265,28156,35374160498,338.2,57.231,17
410,705,717,18752348,18752348,4704196,32793097,22240551,1382197,9078563,332,409177898,46383286,45591019,85442,84963,28178013109,255.5,46.968,13
411,609,616,18472954,18472954,4815723,34783806,19242696,1510301,9060191,1076,447747900,47545065,45771343,93450,93142,26169797412,231.8,46.45,13
412,907,927,15157372,15157372,4508079,39709229,19713818,1733317,11084532,3081,483314585,64881290,63849912,131716,131516,21040659242,170.5,32.953,10
413,1140,1156,22544460,22544460,5993079,34153341,24828225,1516920,11200535,1910,512751832,78495659,76796503,151623,151255,32117090670,335.1,50.321,14
414,1353,1361,12704650,12704650,6434863,13520042,9924083,799947,4441140,8794,196835313,33243569,32979247,87581,87361,29107278070,274.3,48.289,14
415,1246,1253,11478485,11478485,5137956,20204318,14461551,1008516,6893221,6775,304318727,51107911,50652505,112464,112243,21772792462,187.5,35.575,10
416,1925,1980,20858019,20858019,6672834,30716777,21173270,1520017,10976339,15339,424194830,63093613,62009332,145386,144305,35780074726,294.6,59.791,16
417,1995,2011,17431804,17431804,6608922,25605555,12787829,1418710,5786712,22287,328610863,39644122,38572680,104713,103773,38280011643,347.3,58.768,18
418,1398,1404,21015098,21015098,5816056,19322141,17390094,1062311,6600214,1674,321472488,54198375,51834004,111952,111150,40886046438,374.9,64.877,18
419,1177,1182,17233156,17233156,5391200,7027467,14110452,397944,3356478,1189,181061389,31366702,29944859,60433,59526,35428808006,314.8,60.442,16
420,1107,1115,18599407,18599407,5395505,8357167,16207173,480383,4357737,349,184722785,28612708,27843459,59698,59434,35826634466,310.4,61.803,16
421,1561,1572,15217697,15217697,4060074,3485189,12254871,219558,2545581,259,115562430,18413188,17310465,43215,42578,27819017733,230.2,46.238,13
422,1566,1594,17707838,17707838,5550196,17629906,14841809,1027706,5289130,11713,285158749,38117249,35040872,94117,93039,32840005460,274.7,51.772,16
423,1223,1237,14822056,14822056,4577378,3466964,9819031,237192,1960118,663,110405209,19638121,18356014,44300,43558,32917258379,312.4,49.616,15
424,4258,4330,30079685,30079685,7505233,32513816,24073712,2471608,11466811,6567,448706827,60594679,56573274,119953,117125,53307863120,431.5,88.242,23
425,117,118,13631432,13631432,2195357,2479379,17995484,169696,1047245,1264,76944969,5110877,5100910,11405,11391,39270133516,559.7,63.859,18
426,365,367,12353244,12353244,3872748,2415290,10175881,149827,1409716,150,79850872,14790147,14477030,27173,27090,25126587808,372.5,40.187,12
427,1017,1018,21260764,21260764,5990825,8513439,16346272,500208,3726422,747,196623037,44177504,42689770,85175,84847,42109526790,575.7,70.111,19
428,1170,1175,22679523,22679523,8845295,15697358,18111905,811785,5280873,1418,265304356,46809078,46187366,93273,92956,47330998077,465.2,78.342,21
429,2741,2761,18597995,18597995,7931353,9939871,12451687,657429,4300711,4646,226005120,55408036,52420004,122824,119966,33171371787,296.0,59.527,15
430,2113,2131,19832640,19832640,7174559,8298672,12422297,534790,4565837,5569,189364320,49332225,47889681,123048,122114,34160481696,269.7,61.229,16
431,2337,2358,20011336,20011336,7880154,11092546,14181185,734455,5301600,2766,274532792,75110402,70370486,149506,147737,34418590728,303.8,51.321,16
432,1580,1587,16758084,16758084,4714433,12052044,13350347,703773,4813134,607,236449324,56042750,52207627,106137,105071,29467165527,253.2,49.353,13
433,2650,2681,15848600,15848600,5456084,5199425,10864197,410220,3108398,921,184656964,46398957,41861881,89889,87766,26685853999,211.2,41.501,12
434,1578,1592,21910194,21910194,5933957,10072942,24509600,646374,4691762,1721,339449807,45452054,43962407,88847,88232,46100688665,401.4,69.154,20
435,1544,1551,17955358,17955358,6272124,14477204,15359598,781528,4948688,1104,305960771,55207286,53530370,97253,96427,41839671404,430.1,67.496,19
436,1750,1763,16362436,16362436,6125589,20115691,16352324,957702,7002025,1963,329488735,60753020,59147392,124535,123716,30564197902,287.7,52.14,14
437,1985,2004,16729421,16729421,5935853,8243267,12405046,539891,4079267,672,269869469,58994672,57063722,99567,98755,33495627369,287.1,56.607,15
438,1690,1699,16200947,16200947,4978731,5352162,8709857,370340,2647777,13183,125368320,27453431,25962507,71114,70290,26453041111,218.5,41.187,13
439,2280,2303,16658357,16658357,5530690,19384888,14842116,1017428,6606158,15034,295809566,53884581,52068901,131570,130281,27923921802,281.6,48.893,13
440,2606,2627,26897505,26897505,5541520,8630236,13214886,604775,5503763,39286,223532594,45312520,41307671,89901,87996,63862642048,565.0,104.554,41
441,348,351,20554448,20554448,4617869,8658083,15453848,408987,2587972,510,141609948,14763962,14425959,29335,29194,46260765427,498.8,77.983,21
442,979,996,18579195,18579195,5743108,31794951,19902921,1386789,8257442,1054,344113923,35840475,35525486,74035,73824,37849707144,349.2,60.352,17
443,1531,1541,17700174,17700174,4262790,12640966,16169238,759455,7045714,1407,323886344,68737495,64858631,132223,130985,25168015274,202.0,40.485,11
444,1609,1616,14782252,14782252,6450605,6164188,11560043,368463,3333559,2502,163259290,33777682,32629677,74905,74475,28072596182,248.2,42.155,13
445,728,737,18102994,18102994,3724322,12747451,17996583,704502,5823514,463,227375683,24785496,23051722,48375,47794,37939945836,319.3,68.554,18
446,1200,1210,14865291,14865291,4650411,8302586,13138855,545236,3736171,1255,158522265,24122560,22253386,53455,52528,27711760661,235.1,44.779,13
447,4027,4182,28034443,28034443,6941985,38602493,31949525,2204710,12643857,9840,456827900,60097043,55821710,138879,135794,49925419403,413.4,78.991,22
448,1215,1223,28075299,28075299,4499837,7018204,22414935,433608,5024047,7500,207955963,32255387,28720762,69650,68782,49503683374,451.9,83.668,23
449,1333,1348,15902015,15902015,4610945,6933348,11727304,496394,3011698,690,170766945,30318913,29076821,61886,60650,31222912871,258.1,55.834,15
450,2302,2332,15799154,15799154,4390409,42889007,14143303,3295563,12669510,10119,364793240,40484377,38326113,90940,89521,30605507276,248.8,50.062,14
451,277,277,13177988,13177988,975489,6173963,12247711,564165,2030406,413,113324405,5861808,5236920,14359,14161,30717771192,296.4,50.72,14
452,268,272,11546479,11546479,1819439,5324264,6817911,329515,2873241,3948,118941228,7179882,7043116,14722,14595,22182598802,165.1,41.022,10
453,3736,3763,24199498,24199498,5272761,11565449,16764814,855482,5466818,3225,290349959,58029297,50515822,113533,109182,39160314799,313.7,67.734,17
454,21,21,14937407,14937407,1637559,7147977,9153546,325675,1463711,508,101610758,4147857,4147857,7521,7521,30641227904,291.6,49.507,14
455,90,90,15789203,15789203,3107767,21791123,12972525,955138,4726192,29,230073571,12773686,12563544,24396,24394,26029593226,240.4,44.071,12
456,158,159,25141459,25141459,7463664,18903384,16142848,839739,4349595,447,228484187,14888421,14878563,28008,27977,44775439779,410.5,73.174,20
457,163,164,24912806,24912806,2852790,32119176,23310512,1418321,6926327,179,317685378,16727083,16688668,30512,30487,42831969200,404.1,67.628,19
458,287,288,21430958,21430958,3651666,31244777,23311195,1393538,7502560,149,349982924,28867848,28514418,54279,54238,38226124196,365.9,58.335,17
459,21,21,13503388,13503388,3960401,8393910,10067155,367234,1890121,186,97996692,4728390,4728390,8299,8299,30108538227,315.5,46.698,14
460,24,24,11065478,11065478,3501392,7413179,8301621,335074,1645875,50,86069057,3600285,3600285,6449,6449,22315902118,224.6,32.044,10
461,364,365,20102479,20102479,5703104,35556654,20381911,2146255,8209005,1504,343301642,25426334,25333404,50411,50253,36492073030,336.4,57.578,17
462,97,97,20885532,20885532,3270904,20689021,18787357,1034499,4728072,191,212735932,10953758,10905425,20376,20353,40007649415,420.4,59.414,19
463,429,432,19419516,19419516,4556494,18905410,17436397,861771,4685004,1341,224874752,20008888,19919257,41209,41086,37764546335,344.5,60.902,17
464,111,112,23324073,23324073,5900285,10918220,18733405,474753,3078336,71,188824824,10498995,10495362,19277,19274,50322660026,485.9,75.489,23
465,811,816,21318395,21318395,6377062,13825365,19266518,611329,4996762,657,246211350,37615249,36661935,72024,71741,56221194178,562.4,86.859,25
466,155,157,18817471,18817471,4123288,24675597,15289346,1055778,5589919,138,238985358,15521038,15509567,28102,28084,26888412204,216.3,40.979,12
467,1077,1082,17721852,17721852,6627315,34590885,20627983,1515251,9423257,259,390773705,48108814,47286555,90763,90498,31369753730,257.4,51.692,15
468,83,83,16424409,16424409,2280855,11425464,10053490,487470,2817623,290,131841900,8939294,8937215,16961,16959,28721599785,280.2,45.423,14
469,923,930,16097230,16097230,6736056,24799353,16535426,1156697,7168299,3586,332618451,51840840,51273217,109012,108795,35030310386,324.4,51.46,16
470,1715,1736,21683848,21683848,8375857,38296433,23596181,1747680,11681901,1676,486258754,76816205,75794858,157571,156864,41667003833,378.4,65.161,18
471,1934,1948,17776088,17776088,7162149,21000464,17307526,1030976,7946722,2231,332627458,62051794,59576948,133729,132601,32332226831,276.5,53.183,15
472,98,98,26503787,26503787,6092434,12743897,25640318,574255,3625974,13,197589228,11860933,11610106,19868,19832,80210017753,859.7,153.036,36
473,611,613,21835631,21835631,4289618,24769576,20421391,1070474,7407485,665,356880884,52651439,50411676,85737,85450,30473712276,288.7,48.732,14
474,6,6,17815778,17815778,1574101,5434154,16834877,274713,1227688,0,91453537,1505939,1505939,2465,2465,39847419583,402.3,58.121,18
475,433,433,21757996,21757996,2824513,25880492,23080729,1092289,6763612,824,303402214,30498379,29940964,55708,55591,46716489041,471.3,71.177,21
476,35,36,18783176,18783176,3302226,5231910,12500138,216399,1417916,21,105474149,3801172,3787749,5920,5911,63498935932,714.6,122.983,28
477,236,236,20770630,20770630,5121233,9649217,15427972,447920,3047085,549,182801480,18757642,18586161,33773,33742,42358679532,380.1,62.018,19
478,82,82,16324919,16324919,1942461,14888332,14801711,638606,3859140,28,159129681,9104854,9094436,16304,16302,30800456723,314.0,43.891,14
479,610,620,16053888,16053888,4232446,6385892,10783008,298880,2551089,206,143356458,23131257,22844205,42430,42312,30192909490,264.2,46.345,14
480,664,669,24949169,24949169,5874289,10970229,22708265,555375,4150285,664,272033872,38463378,37788480,66393,66180,47771877901,438.6,74.666,22
481,1054,1065,20422021,20422021,7109354,25962975,18611174,1204352,7277894,1875,332526750,42829437,42255573,87211,86484,50511540532,480.3,85.987,23
482,742,756,17009018,17009018,4840490,10426569,14161329,537080,3449535,343,169038677,20109734,19783558,38959,38782,33542691533,296.4,55.535,16
483,2450,2484,20238413,20238413,8059768,10795919,15522344,634259,5512590,741,289047741,61694132,59518046,120931,119661,36289532933,303.5,60.619,17
484,662,680,19628124,19628124,4569458,8391276,15582052,919969,3193084,265,175688708,23192947,22652200,45422,45135,38233126557,410.2,66.129,17
485,536,537,16267414,16267414,4129202,7614966,12520011,361973,2439240,370,128031011,14597642,14429950,31063,30938,29009018127,283.8,46.998,13
486,1340,1355,17862496,17862496,5029049,13347176,17901052,670777,5759652,660,312631384,53070608,51490758,93598,93075,34726029037,322.2,71.182,16
487,1472,1496,14821220,14821220,6388562,8809436,11705868,495732,3439869,817,199832405,36320398,35450363,69208,68584,32290346092,302.2,62.64,14
488,492,504,21510681,21510681,3677775,10124217,18325201,454309,3536890,254,197984318,26944884,25279327,46972,46383,46019689135,496.0,72.33,21
489,376,379,17893250,17893250,4195425,4864422,13112217,267097,2517895,103,132354538,21264897,20727335,40237,40140,31916881418,335.4,52.393,15
490,751,763,16996518,16996518,4600237,6467991,13178144,351331,3033832,710,147071958,24632413,24100497,49790,49325,31389824303,342.4,47.755,14
491,1750,1766,15244739,15244739,5110928,15768441,16101895,1237480,5798730,1316,259146524,50428272,47594468,107319,105415,24674179562,214.9,39.578,12
492,1395,1402,15618647,15618647,5167896,7558364,10200528,451262,2568659,10478,150004037,30324944,30030276,90873,90664,39271606310,407.2,60.423,18
493,1707,1719,19058081,19058081,4579447,5237723,12105318,413770,3086416,3111,136797620,25922941,25378623,85899,85462,27855234861,236.1,43.163,14
494,1461,1518,28389508,28389508,5413763,8163950,21098316,471849,4078104,2249,219343793,32934968,31619680,63056,62412,49365816957,432.5,86.15,22
495,395,399,24202672,24202672,4681896,10755936,19948931,443324,4151399,214,203235273,17132904,16694042,24969,24911,51772643793,494.7,79.127,23
496,1257,1278,19841191,19841191,6872042,4853023,12888576,325820,2779195,1428,166337832,32617965,31277717,65504,64897,37187575561,356.8,66.745,17
497,898,905,19763952,19763952,5468608,4598198,13271321,288940,2405718,1644,143711013,27503504,27202530,52519,52343,37432456266,362.5,67.531,17
498,1466,1478,16397701,16397701,4424795,6178218,12098424,382188,3182547,371,168139121,37920387,34061126,74887,73487,27588663311,235.4,44.292,12
499,1017,1020,13564370,13564370,6385021,5084220,10691700,293861,2859122,1711,141800573,31037618,29927791,69195,68693,29565756063,317.8,53.441,14
500,1446,1455,11112772,11112772,4961612,20580446,9683131,2108165,2022584,18982466,253870232,26932566,25575927,64270,63788,67947465771,406.2,112.494,28
501,2995,3048,20290488,20290488,7648920,9876770,14203443,623999,5252004,9748,224406249,51483621,50425117,131685,130980,32991999430,319.4,53.644,16
502,2506,2551,21047225,21047225,7251815,6581753,15677591,447879,3784839,2231,217064898,43532161,40888760,91691,90193,42909676291,410.5,68.012,19
503,2761,2800,17411828,17411828,6838230,6152655,10595937,459193,3117731,5070,160727504,41417768,39851063,104052,103042,29304812639,243.0,51.048,14
504,273,275,18992787,18992787,4774449,12583010,18128071,694950,2992999,139,207185533,17991964,17859879,31093,30939,50147177422,486.7,86.669,23
505,546,549,15892080,15892080,4210711,14280157,15658801,789187,4417421,75,217299285,30827411,29694977,50883,50524,32125752398,274.7,47.557,15
506,2105,2118,28545368,28545368,7505633,19443988,28336088,1041972,7778463,1192,369298818,61128360,57820655,115379,113602,50303846886,436.6,86.362,22
507,206,209,20002850,20002850,1819599,2961021,8693797,126079,3091486,17556,63092630,3769521,3761663,10936,10919,28406178574,251.7,43.226,13
508,885,894,18501312,18501312,5526796,8827516,13327441,445638,4195288,5837,172282685,26345402,25397909,60468,60116,42166652153,407.8,77.328,19
509,526,528,17011872,17011872,4480158,36008468,16463592,2254187,7521581,1008,299582609,22562864,22148232,44816,44683,34041756587,323.8,52.54,16
510,2578,2624,15610776,15610776,5760123,73105461,19178263,5454405,17993518,2934,483773952,39363522,36172519,80138,76998,32081654886,269.1,51.958,14
511,3,3,15483164,15483164,1803348,3160271,9847111,145996,741477,6,60752819,1219420,1219420,1942,1942,34157926007,358.6,56.733,16
512,30,31,11946320,11946320,7707527,4489620,9891002,196645,1155674,43,71117609,3420148,3416181,6371,6370,26592065192,259.1,48.764,13
513,297,300,22683173,22683173,2182534,7341015,12414971,446639,3306562,23757,119013673,7043569,6543705,16587,16386,41389777674,420.7,62.25,19
514,323,324,15402572,15402572,1177926,8676741,46421675,319491,3817411,4151,163446808,7407382,7209779,23303,23123,20128358684,129.9,31.259,9
515,456,463,17401161,17401161,1973742,8163847,11879173,290876,4207781,2232,135408615,12788514,12178268,27789,27432,56560067366,599.8,96.029,26
516,1962,1990,27765106,27765106,3896993,5613518,18600026,271664,5096165,3238,195966525,23118465,19749340,45265,43683,44084760646,353.3,65.92,21
517,42,42,12549881,12549881,3667027,10511896,14491346,521398,2255886,254,135390527,8973626,8973626,15461,15461,23529575019,202.1,37.788,11
518,232,240,11929168,11929168,3568561,12307723,15252589,617816,2901299,561,159357477,15342432,15314239,28859,28823,25168445100,228.1,41.974,12
519,220,223,20881733,20881733,6730331,19050914,27567275,946194,4309719,863,250350729,20273026,20214896,37802,37763,45066213772,426.9,73.645,21
520,289,297,21617126,21617126,4909858,21262713,33274025,1066249,4806298,649,281752767,22458776,22380521,39458,39338,44073778451,431.3,90.792,20
521,885,893,18099225,18099225,6888112,19856642,21571195,1002087,5297660,4132,256496651,29146946,28755175,65162,64476,35063707811,312.9,52.239,16
522,252,259,21050843,21050843,5991937,25689608,23243696,1184420,6022281,500,293000050,24733324,24521082,44168,44089,41215627223,365.6,73.332,19
523,299,301,17987812,17987812,4800445,24273288,22030842,1103484,5323075,2888,264334201,20164918,20082312,40680,40630,37926728115,353.4,72.897,17
524,781,787,18437537,18437537,6181085,33750083,19657430,1508396,8629422,2979,358289188,40912587,39960131,83924,83260,37848714625,338.3,73.565,17
525,1869,1915,15115032,15115032,7296860,12888285,11465135,764891,4124238,17477,221634198,42123633,41344394,97607,96443,32708439313,271.9,63.907,15
526,62,62,17512281,17512281,4921915,18333155,29638739,921703,3930067,177,234614423,15068538,15068538,24966,24966,32439813504,275.6,54.776,15
527,537,540,20381404,20381404,5149597,11306067,20593592,610225,3445783,9629,179326808,18477948,18423993,46761,46698,36436663211,333.2,54.579,17
528,1,1,40021911,40021911,171030,2112530,13065112,21828,6975024,4810,64837148,45368,45368,185,185,47006156486,299.3,74.135,21
529,1,1,2730,2730,40039574,97,698,10,328,2,19613155,766,766,7,7,29162832434,141.9,49.285,12
530,298,301,13485680,13485680,3757756,8846467,13127282,471267,2291352,434,134407225,13918660,13750382,26435,26360,28263116727,265.4,53.702,13
531,115,119,15690867,15690867,3046399,19879093,12687652,836491,4631680,334,199131437,13755522,13708001,25524,25501,28138172475,304.5,47.18,13
532,699,712,14457608,14457608,5674192,10296669,11923006,500454,3614089,1973,169563730,24506755,24115145,50786,50497,33149605568,324.3,51.02,15
533,1952,1989,29719219,29719219,6573198,11743992,23957100,714555,5731119,3961,293577099,48295562,45989277,95045,93430,57229799726,533.7,86.483,25
534,17,17,16636338,16636338,3290943,4899258,13722705,244948,1102335,97,95712898,4072254,4072254,6906,6906,29059337565,288.5,46.905,14
535,88,88,15751432,15751432,2848551,9299064,14843036,463586,2119159,678,137915189,10660692,10659918,19324,19323,35816311121,374.1,59.485,17
536,170,171,17973117,17973117,2230868,8998365,14821039,416021,2328575,311,131652616,8462373,8395723,16371,16338,48660792891,508.0,74.517,22
537,109,109,16106679,16106679,2697359,16082389,16940103,811034,3378409,130,202548293,14642501,14633228,24529,24520,33047733152,340.4,52.547,15
538,270,274,27667098,27667098,4835472,16398446,19313148,706955,3997242,709,200622591,10544760,10516028,21306,21294,57364801557,569.5,88.99,26
539,261,262,18589179,18589179,3864146,5765354,13030842,406342,2046152,226,132101079,14197372,14136006,25177,25152,39375317043,343.0,62.946,18
540,1389,1414,15216335,15216335,5118029,4342256,10593199,315772,2478192,405,138863113,29197301,28105287,60295,59785,29296230628,240.1,44.233,13
541,108,108,18165466,18165466,4025523,3521478,17192695,180991,2076288,1,109759708,6982650,6944613,14283,14273,45736383264,471.1,68.436,21
542,437,457,18471029,18471029,4489001,3117050,16308591,181973,2104535,244,109949149,9752715,9606853,21437,21320,43828451604,430.8,71.943,20
543,827,856,31563573,31563573,4956320,11958860,27457858,729569,4737947,3446,285014744,27242529,26764173,61307,61067,75362282089,731.3,128.175,33
544,386,392,16865443,16865443,2258712,9923475,13449246,645477,3212550,701,193321945,22723640,22599161,38314,38235,35716569075,305.0,64.616,17
545,690,696,13829427,13829427,3436766,4958319,10670719,317387,1996860,2573,119676665,17121174,16604445,37130,36740,48577883336,479.6,78.563,22
546,1516,1538,25137735,25137735,4905793,7444203,16600209,513949,4070800,24735,174207726,25084884,23714788,57324,56620,46208240160,382.5,71.852,20
547,18,18,29676273,29676273,2784933,7435016,16839017,325433,1855538,58,126388067,4264489,4264489,7473,7473,62423319086,621.6,101.624,29
548,7,7,15157686,15157686,1345288,6369774,11284697,275275,1435902,0,84398783,2028427,2028427,3352,3352,32686762199,345.8,60.329,15
549,225,228,15526939,15526939,2205402,14101893,13682801,638002,3370627,191,162541431,12573338,12373334,22484,22386,32347222214,319.9,56.498,15
550,6,6,13696609,13696609,1127879,4517344,10386544,206289,1159339,2,75994460,2100080,2100080,3406,3406,41043058655,430.6,61.101,19
551,33,33,15999490,15999490,1156644,9202024,12981484,400298,2350466,64,122124180,6085627,6077113,10969,10966,41641530622,460.5,77.548,19
552,139,141,16777265,16777265,2031030,7327021,15836025,326541,1765926,437,101201981,4179189,4176572,9295,9290,26236928190,257.4,38.941,12
553,29,29,14171569,14171569,1788722,9439654,10445445,414775,2102936,12,104521868,5331350,5331350,9561,9561,20934277056,210.8,33.887,10
554,207,209,31707871,31707871,3912146,13802752,32188226,647710,3430019,1620,241065823,15439492,15419446,31228,31208,67645067138,695.3,112.007,33
555,99,99,17130355,17130355,2787585,20003771,15822133,842111,4652534,12,201783072,13671778,13487010,23967,23899,34698371653,336.5,63.994,16
556,398,401,15273488,15273488,3331667,11013213,10810688,506954,2994350,1680,148453108,17080470,17058177,38002,37989,27995587836,293.0,43.057,13
557,71,72,15361438,15361438,5135169,30374223,21856388,2407273,3584841,29705562,318160813,10558051,10126840,18498,18468,94445359130,639.4,144.927,39
558,193,195,13808429,13808429,3285018,12033236,14566917,528378,3196059,6,151951053,11040391,10903157,21174,21097,31536641392,324.3,55.02,15
559,2006,2026,25130585,25130585,6986505,26061795,27000334,1320755,9033964,477,397869078,60830619,58095598,117980,116023,45218286770,458.8,70.471,21
560,1,1,36666706,36666706,1514211,1745490,15106349,13665,7914192,2867,72114248,51044,51044,201,201,45047746411,289.4,69.959,21
561,2,2,10985953,10985953,40975983,1129931,9046996,7057,2463921,1382,85475398,51114,51114,196,196,42585668978,236.3,60.503,18
562,9,9,1391337,1391337,36962780,240959,630705,6977,374380,1092,27185031,207209,205299,794,792,28311266703,152.2,37.678,13
563,62,62,26845412,26845412,28608520,3196481,16283392,167919,6092998,34940,143258501,943107,936947,3498,3494,58768728370,396.2,83.714,25
564,4,4,28277272,28277272,465508,2135491,11696309,13595,6368136,2604,61358466,166076,166076,664,664,35175764201,238.5,55.635,17
565,34,34,8360557,8360557,412501,711333,3764776,29907,1914830,5672,26180620,615085,599074,2294,2284,12314945661,89.9,19.396,6
566,122,122,27028907,27028907,473731,4550460,9068412,413684,5350778,134317,83285171,612709,584095,2275,2263,33037031148,212.5,47.791,14
567,315,317,14889635,14889635,3475076,5027362,13260504,284154,1896035,43,136750252,14356865,14274631,20973,20926,30315611656,262.5,50.548,14
568,1135,1161,12185227,12185227,3468475,5529504,9440737,339574,2313794,584,145704648,26277204,25259198,47459,47119,25403425354,242.5,44.722,12
569,96,96,23484454,23484454,950322,2419635,13426607,80715,3992202,8737,79798468,3261903,3130491,6760,6751,36466423958,288.3,58.888,19
570,711,715,22790249,22790249,2203417,46113228,11728113,4299051,3284268,58934892,435000380,11596883,11015146,32996,32438,187090483515,915.4,259.128,78
571,539,543,18698738,18698738,2402063,2752800,8944186,175244,3237965,12442,89543783,7349953,7010357,18882,18817,29578780370,228.4,42.232,13
