kind,id,worker,exec_s,bytes,pct_of_cap,cap_gib,proven_at_s
claim,6,2,86.8,17208100750,38,41.4,134
claim,0,0,89.4,18618628387,41,41.4,138
claim,4,0,95.2,19255520594,43,41.4,186
claim,1,1,102.3,20045473486,45,41.4,161
claim,11,3,103.1,19004949731,42,41.4,153
claim,2,2,105.1,19694242340,44,41.4,192
claim,3,3,110.5,20726304540,46,41.4,213
claim,10,2,117.1,21186214364,47,41.4,247
claim,5,1,119.1,21236407450,47,41.4,213
claim,8,0,122.3,22127270592,49,41.4,250
claim,7,3,124.9,20924237330,46,41.4,265
claim,9,1,131.5,22760729885,51,41.4,272
claim,15,1,130.3,17382975699,39,41.4,318
claim,16,3,148.1,19305156313,43,41.4,316
claim,12,2,167.8,22673522028,50,41.4,318
claim,13,0,169.8,22360285385,50,41.4,316
claim,18,3,149.4,20244946156,45,41.4,371
claim,20,1,141.1,19556851833,43,41.4,368
claim,14,0,165.8,22530566599,50,41.4,376
claim,17,2,157.4,21304047555,47,41.4,380
join,2,1,46.4,14298749710,32,41.4,402
claim,21,0,150.5,19686805581,44,41.4,427
claim,22,3,147.3,19755664243,44,41.4,417
join,5,3,48.0,14993022526,33,41.4,457
join,9,2,49.7,14712675865,33,41.4,418
claim,19,2,175.4,21129213714,47,41.4,473
join,20,0,49.3,14833188745,33,41.4,464
claim,23,1,165.3,22315221244,50,41.4,453
join,12,1,44.9,13996488264,31,41.4,486
join,17,0,51.8,16334793824,36,41.4,503
join,24,1,49.7,16046849135,36,41.4,528
claim,24,3,158.2,22265352781,49,41.4,513
claim,25,1,155.9,21174635479,47,41.4,582
claim,26,0,178.5,23349161646,52,41.4,568
join,31,1,41.3,13667625215,30,41.4,625
claim,27,2,190.0,24880262564,55,41.4,534
claim,30,2,169.6,22920329828,51,41.4,594
join,43,2,45.2,15140811073,33,41.4,631
claim,28,3,186.2,24937365594,55,41.4,579
join,6,2,38.4,12301263679,27,41.4,661
join,40,1,45.7,14457561336,32,41.4,656
claim,29,3,162.2,22026136514,49,41.4,627
claim,32,0,162.6,22447054718,50,41.4,624
claim,31,2,165.1,21950680286,49,41.4,717
join,36,3,45.8,14570785091,32,41.4,660
join,13,2,39.4,12082956182,27,41.4,746
claim,33,0,167.0,23194545832,52,41.4,685
claim,35,3,172.1,23510800607,52,41.4,722
join,26,1,46.5,15267147891,34,41.4,696
join,21,2,37.9,13253855898,29,41.4,779
join,50,0,43.5,15454553671,34,41.4,720
claim,36,0,190.2,24915270055,55,41.4,785
claim,34,1,202.5,26956927414,60,41.4,766
join,33,1,39.0,13683511567,30,41.4,798
join,53,3,51.5,16740429014,37,41.4,761
join,57,0,45.3,15101663811,33,41.4,829
claim,38,3,169.6,22899687764,51,41.4,818
claim,37,1,185.2,23594992536,52,41.4,855
claim,39,0,176.9,24484073962,54,41.4,898
claim,41,3,155.9,22448945117,50,41.4,889
join,45,2,43.1,14979631504,33,41.4,821
claim,40,2,159.7,22449933297,50,41.4,879
join,14,2,36.7,12110258204,27,41.4,910
join,60,3,45.4,15177461917,34,41.4,926
claim,44,1,157.4,21656251362,48,41.4,908
claim,42,2,159.5,22649809106,50,41.4,967
join,27,2,42.2,13545194348,30,41.4,1002
claim,46,3,170.2,22751302965,51,41.4,990
join,37,3,37.8,11663703498,26,41.4,1019
claim,43,0,176.4,23303337975,52,41.4,952
join,54,2,41.6,12862430638,28,41.4,1038
join,67,1,50.9,16592302163,37,41.4,952
claim,45,1,181.1,22916772526,51,41.4,1018
claim,48,3,172.6,23133525629,51,41.4,1082
claim,47,0,185.7,25448526973,57,41.4,1022
claim,50,0,130.4,17544341312,39,41.4,1071
claim,49,1,161.5,20895891647,46,41.4,1079
join,70,2,49.8,16309736985,36,41.4,1076
join,46,2,39.8,12896123649,28,41.4,1105
join,77,0,48.3,16145716014,36,41.4,1108
join,74,3,46.4,15422080982,34,41.4,1116
join,61,1,37.2,12187376174,27,41.4,1108
claim,51,3,171.4,22805070978,51,41.4,1176
join,82,3,50.2,15901170668,35,41.4,1221
join,85,0,50.8,15875405494,35,41.4,1151
claim,52,0,230.3,28745326247,64,41.4,1223
claim,54,1,234.2,30110365511,67,41.4,1183
claim,55,1,200.2,26354776476,59,41.4,1250
join,28,3,38.9,13630023573,30,41.4,1256
join,96,1,43.6,15228966234,34,41.4,1296
join,47,1,36.2,12117871964,27,41.4,1325
join,71,0,38.2,13474561935,30,41.4,1258
claim,56,3,163.7,22647995468,50,41.4,1326
join,89,3,46.0,15773394814,35,41.4,1365
claim,57,0,213.7,28553310135,64,41.4,1333
claim,53,2,214.9,27361357919,61,41.4,1256
join,62,3,39.2,12176509652,27,41.4,1396
claim,61,0,144.6,22117248686,49,41.4,1393
claim,59,2,183.4,24931091376,55,41.4,1329
join,78,1,40.6,12700738294,28,41.4,1362
claim,58,2,223.7,28292689306,63,41.4,1400
join,99,2,45.5,14416591144,32,41.4,1438
claim,60,1,223.9,29041292452,65,41.4,1440
join,86,2,38.7,13399181676,30,41.4,1473
claim,63,0,158.5,22561703680,50,41.4,1450
claim,64,3,150.9,21831629153,49,41.4,1465
claim,66,0,172.7,23183880354,52,41.4,1506
join,79,3,44.3,12525449029,28,41.4,1494
claim,65,3,162.2,21001020381,47,41.4,1552
claim,69,1,124.6,16668100934,37,41.4,1485
claim,62,1,180.9,24571084983,55,41.4,1550
claim,68,0,173.4,23379374816,52,41.4,1562
join,91,0,49.1,15431403650,34,41.4,1597
join,103,2,51.3,16462216844,36,41.4,1513
join,63,3,43.9,13237023223,29,41.4,1580
join,114,1,49.4,16261238197,36,41.4,1589
claim,73,0,157.1,20462430142,45,41.4,1656
claim,72,1,182.6,23965594941,53,41.4,1648
join,109,3,47.6,15876818483,35,41.4,1618
claim,67,3,196.0,25239119505,56,41.4,1687
claim,71,2,203.2,26342442125,59,41.4,1603
join,126,1,49.5,16131130174,36,41.4,1686
join,100,0,36.2,11864147684,26,41.4,1685
claim,76,2,150.8,20067629498,45,41.4,1661
claim,70,2,363.6,41023987035,92,41.4,1762
claim,75,0,177.1,24388210797,54,41.4,1757
join,105,3,47.8,15632993173,35,41.4,1724
claim,74,1,189.2,25527274776,57,41.4,1763
join,92,2,41.8,12877695015,28,41.4,1795
join,64,2,61.6,16618615487,37,41.4,1838
join,116,3,48.6,15588467425,35,41.4,1764
claim,77,3,191.9,24914081176,55,41.4,1832
join,123,1,50.9,16606847413,37,41.4,1812
join,111,0,48.3,15441438148,34,41.4,1792
join,130,2,45.6,15119441963,33,41.4,1874
claim,81,2,187.6,23771823399,53,41.4,1946
claim,80,3,179.9,23611128455,53,41.4,1895
claim,79,1,191.7,24819820243,55,41.4,1878
join,133,1,50.3,16408824835,36,41.4,1915
claim,82,1,179.3,23016107051,51,41.4,1977
claim,78,0,219.6,28092511526,63,41.4,1872
join,106,3,33.3,11859274337,26,41.4,1927
join,141,2,47.4,16781031080,37,41.4,1991
join,145,0,43.8,15552257189,34,41.4,1908
claim,83,0,255.3,30524370748,68,41.4,1993
join,127,0,42.4,13633095353,30,41.4,2031
claim,84,3,182.1,24561527764,55,41.4,1996
join,93,3,44.3,13799743054,30,41.4,2027
claim,89,1,127.4,19693944153,44,41.4,2021
join,117,2,36.7,12428357359,27,41.4,2021
claim,86,0,207.8,27938301758,62,41.4,2106
join,152,0,44.5,15634315404,35,41.4,2145
join,138,1,49.5,16895595458,37,41.4,2061
claim,85,3,226.1,28706259495,64,41.4,2104
claim,90,1,144.8,21977212306,49,41.4,2120
claim,88,2,120.7,18828340147,42,41.4,2072
join,147,2,44.6,14528292842,32,41.4,2108
claim,87,2,208.3,26884989342,60,41.4,2173
claim,92,3,142.3,19944415021,44,41.4,2156
join,157,0,47.2,16469473542,36,41.4,2184
claim,91,0,147.9,19633489150,44,41.4,2231
join,134,0,38.8,12504575486,28,41.4,2265
join,160,2,50.6,16074602620,36,41.4,2211
claim,94,1,159.1,21336959899,47,41.4,2176
join,118,3,40.9,12040514762,27,41.4,2185
claim,93,3,157.8,22554131452,50,41.4,2242
join,176,1,46.3,15240731521,34,41.4,2213
join,165,2,51.9,16955068486,38,41.4,2253
claim,95,1,150.3,21372373757,47,41.4,2274
claim,98,2,139.4,19453362786,43,41.4,2305
claim,96,3,169.3,22580445950,50,41.4,2302
claim,97,1,157.4,20989723663,47,41.4,2327
claim,101,2,111.0,15492049255,34,41.4,2349
join,142,0,38.9,12956286249,29,41.4,2298
join,154,3,46.4,15126846209,33,41.4,2337
claim,102,3,148.8,20374810084,45,41.4,2392
join,170,1,51.0,16729636158,37,41.4,2366
join,161,0,39.5,12975136926,29,41.4,2329
join,178,3,51.0,15558598997,34,41.4,2439
claim,100,0,149.5,21167854345,47,41.4,2381
claim,99,0,195.0,26316430987,59,41.4,2446
join,119,2,49.8,14572989962,32,41.4,2388
join,135,0,41.1,12821366865,28,41.4,2484
claim,103,3,164.7,22651566235,50,41.4,2499
join,167,1,46.8,15341810968,34,41.4,2403
claim,105,2,150.5,20468964480,45,41.4,2442
join,181,3,41.8,14024284612,31,41.4,2536
claim,106,1,172.1,22912893860,51,41.4,2465
claim,104,1,238.6,29713019668,66,41.4,2541
claim,107,2,149.1,20865231478,46,41.4,2498
join,148,0,37.6,12397275498,27,41.4,2514
join,190,1,43.4,14837978387,33,41.4,2574
join,187,3,45.0,15361625565,34,41.4,2578
join,162,2,36.0,12320606453,27,41.4,2540
join,201,2,41.3,13579990263,30,41.4,2570
join,171,1,36.0,12614892144,28,41.4,2605
join,120,1,72.3,19590680576,43,41.4,2649
claim,108,0,180.6,24221573363,54,41.4,2570
claim,109,2,184.7,24336159791,54,41.4,2632
join,194,3,48.1,15788999810,35,41.4,2615
claim,110,0,153.2,21132590197,47,41.4,2640
join,210,0,42.5,15406060756,34,41.4,2672
join,149,0,43.9,14061678267,31,41.4,2705
join,183,3,38.8,14389596440,32,41.4,2646
join,206,2,42.6,15667364969,35,41.4,2664
join,203,2,38.2,13270484027,29,41.4,2693
join,191,1,36.0,12436450046,27,41.4,2677
join,172,1,36.7,12649870971,28,41.4,2706
join,196,3,39.4,14786680834,33,41.4,2686
join,215,0,41.2,15776896607,35,41.4,2736
join,184,3,35.5,13293060981,29,41.4,2714
join,212,2,37.2,14597430739,32,41.4,2741
join,197,1,33.2,12876450458,28,41.4,2746
join,207,2,30.3,12190261134,27,41.4,2766
join,173,0,40.0,15308991262,34,41.4,2778
join,216,3,29.9,12684306242,28,41.4,2797
join,198,1,34.8,13528390349,30,41.4,2808
join,217,0,26.5,12418187570,27,41.4,2848
join,218,0,35.0,15255261214,34,41.4,2915
join,219,0,43.2,18521546112,41,41.4,2997
root,root,0,66.8,26856989193,60,41.4,3164
