/home/sam/repos/ix/.lake/packages/Cli/Cli/Basic.lean	47afe12fe110e74c	47afe12fe110e74c
/home/sam/repos/ix/.lake/packages/Cli/.lake/build/ir/Cli/Basic.c	ab7c441eaa750741	ab7c441eaa750741
/home/sam/repos/ix/.lake/packages/Cli/.lake/build/ir/Cli/Basic.c.o.export	-	ae03407e08370160
/home/sam/repos/ix/.lake/packages/Cli/Cli/Extensions.lean	11359fb361876632	11359fb361876632
/home/sam/repos/ix/.lake/packages/Cli/.lake/build/ir/Cli/Extensions.c	b46167dd0a44c68b	b46167dd0a44c68b
/home/sam/repos/ix/.lake/packages/Cli/.lake/build/ir/Cli/Extensions.c.o.export	-	b206f9af6cbd5c7d
/home/sam/repos/ix/.lake/packages/Cli/Cli.lean	d3d26a644a549a19	d3d26a644a549a19
/home/sam/repos/ix/.lake/packages/Cli/.lake/build/ir/Cli.c	f7af6724f389db8a	f7af6724f389db8a
/home/sam/repos/ix/.lake/packages/Cli/.lake/build/ir/Cli.c.o.export	-	f20020714fa9bd28
/tmp/ix-gpu-trace-codegen/Ix/Common.lean	702ecb504bd5b1a4	702ecb504bd5b1a4
/home/sam/repos/ix/.lake/build/ir/Ix/Common.c	65805b4611ba5959	65805b4611ba5959
/home/sam/repos/ix/.lake/build/ir/Ix/Common.c.o.export	-	86dcf292cf5a4640
/home/sam/repos/ix/.lake/packages/Blake3/Blake3.lean	c8e4d36ec59cab19	c8e4d36ec59cab19
/home/sam/repos/ix/.lake/packages/Blake3/.lake/build/ir/Blake3.c	ffb8e7077dd48970	ffb8e7077dd48970
/home/sam/repos/ix/.lake/packages/Blake3/.lake/build/ir/Blake3.c.o.export	-	cecca64126191ec6
/home/sam/repos/ix/.lake/packages/Blake3/Blake3/Rust.lean	55ffcb9044467ad0	55ffcb9044467ad0
/home/sam/repos/ix/.lake/packages/Blake3/.lake/build/ir/Blake3/Rust.c	fcf88c072cbed872	fcf88c072cbed872
/home/sam/repos/ix/.lake/packages/Blake3/.lake/build/ir/Blake3/Rust.c.o.export	-	292e13402d7b139f
/tmp/ix-gpu-trace-codegen/Ix/Address.lean	065aae4083879393	065aae4083879393
/home/sam/repos/ix/.lake/build/ir/Ix/Address.c	bc8312cba7170c9d	bc8312cba7170c9d
/home/sam/repos/ix/.lake/build/ir/Ix/Address.c.o.export	-	4e0af8bbc3b2ed06
/tmp/ix-gpu-trace-codegen/Ix/Environment.lean	b11f8e7b2e060c37	b11f8e7b2e060c37
/home/sam/repos/ix/.lake/build/ir/Ix/Environment.c	ff0c6fa46c55a388	ff0c6fa46c55a388
/home/sam/repos/ix/.lake/build/ir/Ix/Environment.c.o.export	-	4cafede83bc74044
/tmp/ix-gpu-trace-codegen/Ix/Aiur/Goldilocks.lean	00fe0bbfb94df6c2	00fe0bbfb94df6c2
/home/sam/repos/ix/.lake/build/ir/Ix/Aiur/Goldilocks.c	661ff3bf1c1c0274	661ff3bf1c1c0274
/home/sam/repos/ix/.lake/build/ir/Ix/Aiur/Goldilocks.c.o.export	-	e6c91c0b9de757a2
/tmp/ix-gpu-trace-codegen/Ix/Aiur/Stages/Bytecode.lean	8bfcea1a026403a5	8bfcea1a026403a5
/home/sam/repos/ix/.lake/build/ir/Ix/Aiur/Stages/Bytecode.c	896a724be1b1a96e	896a724be1b1a96e
/home/sam/repos/ix/.lake/build/ir/Ix/Aiur/Stages/Bytecode.c.o.export	-	5c345cb325408861
/tmp/ix-gpu-trace-codegen/Ix/Aiur/Semantics/BytecodeFfi.lean	4464c56591cf05f5	4464c56591cf05f5
/home/sam/repos/ix/.lake/build/ir/Ix/Aiur/Semantics/BytecodeFfi.c	405ef197d308a36b	405ef197d308a36b
/home/sam/repos/ix/.lake/build/ir/Ix/Aiur/Semantics/BytecodeFfi.c.o.export	-	97d7dce42cca4b67
/tmp/ix-gpu-trace-codegen/Ix/Aiur/Protocol.lean	b1c52bbedc683fb7	b1c52bbedc683fb7
/home/sam/repos/ix/.lake/build/ir/Ix/Aiur/Protocol.c	9274d9020b8625a1	9274d9020b8625a1
/home/sam/repos/ix/.lake/build/ir/Ix/Aiur/Protocol.c.o.export	-	dfc1742da8719e9d
/tmp/ix-gpu-trace-codegen/Ix/IxonMode.lean	7f2bdf63bfc24916	7f2bdf63bfc24916
/home/sam/repos/ix/.lake/build/ir/Ix/IxonMode.c	5d45fc5ce4add8a8	5d45fc5ce4add8a8
/home/sam/repos/ix/.lake/build/ir/Ix/IxonMode.c.o.export	-	c67778468a284a61
/tmp/ix-gpu-trace-codegen/Ix/Merkle.lean	948b0a53c1b963f6	948b0a53c1b963f6
/home/sam/repos/ix/.lake/build/ir/Ix/Merkle.c	3903788770fc84ed	3903788770fc84ed
/home/sam/repos/ix/.lake/build/ir/Ix/Merkle.c.o.export	-	49c6eb87e24aefc9
/tmp/ix-gpu-trace-codegen/Ix/Ixon.lean	3b9915c91ea2ef78	3b9915c91ea2ef78
/home/sam/repos/ix/.lake/build/ir/Ix/Ixon.c	8494c231e5cc78a0	8494c231e5cc78a0
/home/sam/repos/ix/.lake/build/ir/Ix/Ixon.c.o.export	-	a3e715634e1021fd
/tmp/ix-gpu-trace-codegen/Ix/Claim.lean	717b66169cd8008d	717b66169cd8008d
/home/sam/repos/ix/.lake/build/ir/Ix/Claim.c	8ea26c50e9cc4be7	8ea26c50e9cc4be7
/home/sam/repos/ix/.lake/build/ir/Ix/Claim.c.o.export	-	67c53d95772fbe07
/tmp/ix-gpu-trace-codegen/Ix/AssumptionTree.lean	42c6dbe34b5f111c	42c6dbe34b5f111c
/home/sam/repos/ix/.lake/build/ir/Ix/AssumptionTree.c	fd28db5aa2cced1b	fd28db5aa2cced1b
/home/sam/repos/ix/.lake/build/ir/Ix/AssumptionTree.c.o.export	-	9c3332c57294ed28
/home/sam/repos/ix/.lake/packages/batteries/Batteries/Tactic/Unreachable.lean	1821789f94cc0631	1821789f94cc0631
/home/sam/repos/ix/.lake/packages/batteries/.lake/build/ir/Batteries/Tactic/Unreachable.c	6cc7a10595d199b2	6cc7a10595d199b2
/home/sam/repos/ix/.lake/packages/batteries/.lake/build/ir/Batteries/Tactic/Unreachable.c.o.export	-	338cd9fffbf780cc
/home/sam/repos/ix/.lake/packages/batteries/Batteries/Linter/UnreachableTactic.lean	05cb39d3e5f293f4	05cb39d3e5f293f4
/home/sam/repos/ix/.lake/packages/batteries/.lake/build/ir/Batteries/Linter/UnreachableTactic.c	05f2a1351a3379ba	05f2a1351a3379ba
/home/sam/repos/ix/.lake/packages/batteries/.lake/build/ir/Batteries/Linter/UnreachableTactic.c.o.export	-	6a601681e8843578
/home/sam/repos/ix/.lake/packages/batteries/Batteries/Lean/TagAttribute.lean	a9a2d0d4bfd25e14	a9a2d0d4bfd25e14
/home/sam/repos/ix/.lake/packages/batteries/.lake/build/ir/Batteries/Lean/TagAttribute.c	4299199d7344e7d2	4299199d7344e7d2
/home/sam/repos/ix/.lake/packages/batteries/.lake/build/ir/Batteries/Lean/TagAttribute.c.o.export	-	ec8935023df00fb2
/home/sam/repos/ix/.lake/packages/batteries/Batteries/Lean/AttributeExtra.lean	238839c5ae7ecf54	238839c5ae7ecf54
/home/sam/repos/ix/.lake/packages/batteries/.lake/build/ir/Batteries/Lean/AttributeExtra.c	4ab70aabed74fe40	4ab70aabed74fe40
/home/sam/repos/ix/.lake/packages/batteries/.lake/build/ir/Batteries/Lean/AttributeExtra.c.o.export	-	97f6746a14e18082
/home/sam/repos/ix/.lake/packages/batteries/Batteries/Linter/UnnecessarySeqFocus.lean	4f9ee5469a9bec4c	4f9ee5469a9bec4c
/home/sam/repos/ix/.lake/packages/batteries/.lake/build/ir/Batteries/Linter/UnnecessarySeqFocus.c	bc0c39c983a24ebd	bc0c39c983a24ebd
/home/sam/repos/ix/.lake/packages/batteries/.lake/build/ir/Batteries/Linter/UnnecessarySeqFocus.c.o.export	-	00bed951315d6df7
/home/sam/repos/ix/.lake/packages/batteries/Batteries/Linter.lean	14ca49406099ccc2	14ca49406099ccc2
/home/sam/repos/ix/.lake/packages/batteries/.lake/build/ir/Batteries/Linter.c	b3cf9f290e582fc1	b3cf9f290e582fc1
/home/sam/repos/ix/.lake/packages/batteries/.lake/build/ir/Batteries/Linter.c.o.export	-	b5a3143319297bf6
/home/sam/repos/ix/.lake/packages/batteries/Batteries/Tactic/Init.lean	c94dea505ba8e082	c94dea505ba8e082
/home/sam/repos/ix/.lake/packages/batteries/.lake/build/ir/Batteries/Tactic/Init.c	86f883175e3f4550	86f883175e3f4550
/home/sam/repos/ix/.lake/packages/batteries/.lake/build/ir/Batteries/Tactic/Init.c.o.export	-	0f49d9c00a6d0bb3
/home/sam/repos/ix/.lake/packages/batteries/Batteries/Tactic/SeqFocus.lean	4f936020d50dabb1	4f936020d50dabb1
/home/sam/repos/ix/.lake/packages/batteries/.lake/build/ir/Batteries/Tactic/SeqFocus.c	42199376904f1688	42199376904f1688
/home/sam/repos/ix/.lake/packages/batteries/.lake/build/ir/Batteries/Tactic/SeqFocus.c.o.export	-	b3e7e272c68bb6ba
/home/sam/repos/ix/.lake/packages/batteries/Batteries/Tactic/Lint/Basic.lean	03ac2ee2036ae389	03ac2ee2036ae389
/home/sam/repos/ix/.lake/packages/batteries/.lake/build/ir/Batteries/Tactic/Lint/Basic.c	c87db3241d35d5c8	c87db3241d35d5c8
/home/sam/repos/ix/.lake/packages/batteries/.lake/build/ir/Batteries/Tactic/Lint/Basic.c.o.export	-	54b878fc35dfb5c0
/home/sam/repos/ix/.lake/packages/batteries/Batteries/Tactic/Lint/Misc.lean	aae7ec12d23515ae	aae7ec12d23515ae
/home/sam/repos/ix/.lake/packages/batteries/.lake/build/ir/Batteries/Tactic/Lint/Misc.c	5af3e82cf3a6eee5	5af3e82cf3a6eee5
/home/sam/repos/ix/.lake/packages/batteries/.lake/build/ir/Batteries/Tactic/Lint/Misc.c.o.export	-	75c5872750266ac4
/home/sam/repos/ix/.lake/packages/batteries/Batteries/Lean/Syntax.lean	ef77c24ed6af545b	ef77c24ed6af545b
/home/sam/repos/ix/.lake/packages/batteries/.lake/build/ir/Batteries/Lean/Syntax.c	4747ad0fc702d331	4747ad0fc702d331
/home/sam/repos/ix/.lake/packages/batteries/.lake/build/ir/Batteries/Lean/Syntax.c.o.export	-	137fd78292871dfd
/home/sam/repos/ix/.lake/packages/batteries/Batteries/Util/ProofWanted.lean	51722c8057089613	51722c8057089613
/home/sam/repos/ix/.lake/packages/batteries/.lake/build/ir/Batteries/Util/ProofWanted.c	476c22ec70d6ad95	476c22ec70d6ad95
/home/sam/repos/ix/.lake/packages/batteries/.lake/build/ir/Batteries/Util/ProofWanted.c.o.export	-	6610d2fc522aaeb3
/home/sam/repos/ix/.lake/packages/batteries/Batteries/Tactic/Basic.lean	e9ac7a9877ce279f	e9ac7a9877ce279f
/home/sam/repos/ix/.lake/packages/batteries/.lake/build/ir/Batteries/Tactic/Basic.c	a3a8ad1c46af7d4e	a3a8ad1c46af7d4e
/home/sam/repos/ix/.lake/packages/batteries/.lake/build/ir/Batteries/Tactic/Basic.c.o.export	-	376c84fcd74dec39
/home/sam/repos/ix/.lake/packages/batteries/Batteries/Classes/Order.lean	139d1aaa316e1124	139d1aaa316e1124
/home/sam/repos/ix/.lake/packages/batteries/.lake/build/ir/Batteries/Classes/Order.c	0b16bca0530db8af	0b16bca0530db8af
/home/sam/repos/ix/.lake/packages/batteries/.lake/build/ir/Batteries/Classes/Order.c.o.export	-	cf559317deb19641
/home/sam/repos/ix/.lake/packages/batteries/Batteries/Control/ForInStep/Basic.lean	d4cdc4a560b5f4c5	d4cdc4a560b5f4c5
/home/sam/repos/ix/.lake/packages/batteries/.lake/build/ir/Batteries/Control/ForInStep/Basic.c	c8a55f9bdc7f4e36	c8a55f9bdc7f4e36
/home/sam/repos/ix/.lake/packages/batteries/.lake/build/ir/Batteries/Control/ForInStep/Basic.c.o.export	-	c43e39036e42aa5b
/home/sam/repos/ix/.lake/packages/batteries/Batteries/Recycling/RBTree/Basic.lean	6ad5dafd1b18ea25	6ad5dafd1b18ea25
/home/sam/repos/ix/.lake/packages/batteries/.lake/build/ir/Batteries/Recycling/RBTree/Basic.c	0d89f82bfde7ec3f	0d89f82bfde7ec3f
/home/sam/repos/ix/.lake/packages/batteries/.lake/build/ir/Batteries/Recycling/RBTree/Basic.c.o.export	-	c37553ee7c91d251
/tmp/ix-gpu-trace-codegen/Ix/IxonUniv.lean	641195868ad02b63	641195868ad02b63
/home/sam/repos/ix/.lake/build/ir/Ix/IxonUniv.c	c178315077c1377a	c178315077c1377a
/home/sam/repos/ix/.lake/build/ir/Ix/IxonUniv.c.o.export	-	8020a76c98ababf6
/tmp/ix-gpu-trace-codegen/Ix/Sharing.lean	72d8c7f4097e1eb3	72d8c7f4097e1eb3
/home/sam/repos/ix/.lake/build/ir/Ix/Sharing.c	658d6150ff5e5eda	658d6150ff5e5eda
/home/sam/repos/ix/.lake/build/ir/Ix/Sharing.c.o.export	-	5b05e22de9d601d9
/tmp/ix-gpu-trace-codegen/Ix/Store.lean	9d863857e7983435	9d863857e7983435
/home/sam/repos/ix/.lake/build/ir/Ix/Store.c	b53a0a2b92d81e96	b53a0a2b92d81e96
/home/sam/repos/ix/.lake/build/ir/Ix/Store.c.o.export	-	fd59b0adcfc1c40c
/tmp/ix-gpu-trace-codegen/Ix/Mutual.lean	575198bd9ed067f1	575198bd9ed067f1
/home/sam/repos/ix/.lake/build/ir/Ix/Mutual.c	727d6e6da47974cd	727d6e6da47974cd
/home/sam/repos/ix/.lake/build/ir/Ix/Mutual.c.o.export	-	a885049162ea245c
/tmp/ix-gpu-trace-codegen/Ix/GraphM.lean	fbccf9b8c3c76d7c	fbccf9b8c3c76d7c
/home/sam/repos/ix/.lake/build/ir/Ix/GraphM.c	5da57eab05b8a019	5da57eab05b8a019
/home/sam/repos/ix/.lake/build/ir/Ix/GraphM.c.o.export	-	769f5834118896a4
/tmp/ix-gpu-trace-codegen/Ix/CondenseM.lean	fb7ec13e3374293c	fb7ec13e3374293c
/home/sam/repos/ix/.lake/build/ir/Ix/CondenseM.c	2cbf1beec016275e	2cbf1beec016275e
/home/sam/repos/ix/.lake/build/ir/Ix/CondenseM.c.o.export	-	7eb6eb7461288d11
/tmp/ix-gpu-trace-codegen/Ix/SOrder.lean	da38b6a6a3d776f9	da38b6a6a3d776f9
/home/sam/repos/ix/.lake/build/ir/Ix/SOrder.c	64460cbb5e982c2d	64460cbb5e982c2d
/home/sam/repos/ix/.lake/build/ir/Ix/SOrder.c.o.export	-	5845debccd845dc5
/tmp/ix-gpu-trace-codegen/Ix/CallSitePlan.lean	46f32587a6ffd3c6	46f32587a6ffd3c6
/home/sam/repos/ix/.lake/build/ir/Ix/CallSitePlan.c	7ceba8612502d109	7ceba8612502d109
/home/sam/repos/ix/.lake/build/ir/Ix/CallSitePlan.c.o.export	-	6a253dc76a970e86
/tmp/ix-gpu-trace-codegen/Ix/AuxGen/ExprUtils.lean	aa64b117fa01aeba	aa64b117fa01aeba
/home/sam/repos/ix/.lake/build/ir/Ix/AuxGen/ExprUtils.c	69391679b122e39c	69391679b122e39c
/home/sam/repos/ix/.lake/build/ir/Ix/AuxGen/ExprUtils.c.o.export	-	c21acba96e525827
/tmp/ix-gpu-trace-codegen/Ix/CallSiteSurgery.lean	91aa282ea21a7dd7	91aa282ea21a7dd7
/home/sam/repos/ix/.lake/build/ir/Ix/CallSiteSurgery.c	1bae981bfe2b2cb4	1bae981bfe2b2cb4
/home/sam/repos/ix/.lake/build/ir/Ix/CallSiteSurgery.c.o.export	-	d8ceed1076e87b4d
/tmp/ix-gpu-trace-codegen/Ix/CanonM.lean	48b2100e5251237b	48b2100e5251237b
/home/sam/repos/ix/.lake/build/ir/Ix/CanonM.c	da068bd11ae49a68	da068bd11ae49a68
/home/sam/repos/ix/.lake/build/ir/Ix/CanonM.c.o.export	-	4a37d6913c60fc4b
/tmp/ix-gpu-trace-codegen/Ix/CompileM.lean	fade2a8e69c02188	fade2a8e69c02188
/home/sam/repos/ix/.lake/build/ir/Ix/CompileM.c	ba336762ae4a9fc3	ba336762ae4a9fc3
/home/sam/repos/ix/.lake/build/ir/Ix/CompileM.c.o.export	-	8cd230d029848938
/tmp/ix-gpu-trace-codegen/Ix/Tc/Mode.lean	0ae5faa61c04aef5	0ae5faa61c04aef5
/home/sam/repos/ix/.lake/build/ir/Ix/Tc/Mode.c	59d5e7b2d9f82b64	59d5e7b2d9f82b64
/home/sam/repos/ix/.lake/build/ir/Ix/Tc/Mode.c.o.export	-	a3312a2a0c8b8376
/tmp/ix-gpu-trace-codegen/Ix/Tc/Id.lean	dbd64ffd5210fb0c	dbd64ffd5210fb0c
/home/sam/repos/ix/.lake/build/ir/Ix/Tc/Id.c	70fadb307af9113d	70fadb307af9113d
/home/sam/repos/ix/.lake/build/ir/Ix/Tc/Id.c.o.export	-	98b74b9c2c080c05
/tmp/ix-gpu-trace-codegen/Ix/Unsigned.lean	7b348a1ed9248bb4	7b348a1ed9248bb4
/home/sam/repos/ix/.lake/build/ir/Ix/Unsigned.c	ffe5a28f7145a16e	ffe5a28f7145a16e
/home/sam/repos/ix/.lake/build/ir/Ix/Unsigned.c.o.export	-	21fed6a9a1eb03a5
/tmp/ix-gpu-trace-codegen/Ix/Tc/Level.lean	acb986022c85880d	acb986022c85880d
/home/sam/repos/ix/.lake/build/ir/Ix/Tc/Level.c	3213b40a0ea3cbe0	3213b40a0ea3cbe0
/home/sam/repos/ix/.lake/build/ir/Ix/Tc/Level.c.o.export	-	db3481fb74712b7d
/tmp/ix-gpu-trace-codegen/Ix/Tc/Expr.lean	16009aa0033aba0b	16009aa0033aba0b
/home/sam/repos/ix/.lake/build/ir/Ix/Tc/Expr.c	7570e99eb2de4692	7570e99eb2de4692
/home/sam/repos/ix/.lake/build/ir/Ix/Tc/Expr.c.o.export	-	47c9563c3f0072d5
/tmp/ix-gpu-trace-codegen/Ix/Tc/Const.lean	e2e5aacd1fe3d95d	e2e5aacd1fe3d95d
/home/sam/repos/ix/.lake/build/ir/Ix/Tc/Const.c	aa4d441963864690	aa4d441963864690
/home/sam/repos/ix/.lake/build/ir/Ix/Tc/Const.c.o.export	-	692bde1c6045a040
/tmp/ix-gpu-trace-codegen/Ix/Tc/Error.lean	593ff6dc8d3deb3a	593ff6dc8d3deb3a
/home/sam/repos/ix/.lake/build/ir/Ix/Tc/Error.c	db1b012f210a83e5	db1b012f210a83e5
/home/sam/repos/ix/.lake/build/ir/Ix/Tc/Error.c.o.export	-	0922045df85d878f
/tmp/ix-gpu-trace-codegen/Ix/Tc/Env.lean	22aaa45d78867635	22aaa45d78867635
/home/sam/repos/ix/.lake/build/ir/Ix/Tc/Env.c	96e76e9c94d6ec6f	96e76e9c94d6ec6f
/home/sam/repos/ix/.lake/build/ir/Ix/Tc/Env.c.o.export	-	f962f24420951237
/tmp/ix-gpu-trace-codegen/Ix/Tc/Primitive.lean	54ce6056f90aa52c	54ce6056f90aa52c
/home/sam/repos/ix/.lake/build/ir/Ix/Tc/Primitive.c	29e80b1935edc7c7	29e80b1935edc7c7
/home/sam/repos/ix/.lake/build/ir/Ix/Tc/Primitive.c.o.export	-	0411a70374c902e9
/tmp/ix-gpu-trace-codegen/Ix/IxVM/ClaimHarness.lean	e89a428e43d45b3c	e89a428e43d45b3c
/home/sam/repos/ix/.lake/build/ir/Ix/IxVM/ClaimHarness.c	d75457d7dbdff306	d75457d7dbdff306
/home/sam/repos/ix/.lake/build/ir/Ix/IxVM/ClaimHarness.c.o.export	-	ef6f64273e916cbe
/home/sam/repos/ix/.lake/packages/batteries/Batteries/Data/String/AsciiCasing.lean	2914e59c685eaf47	2914e59c685eaf47
/home/sam/repos/ix/.lake/packages/batteries/.lake/build/ir/Batteries/Data/String/AsciiCasing.c	89ae29b4825be753	89ae29b4825be753
/home/sam/repos/ix/.lake/packages/batteries/.lake/build/ir/Batteries/Data/String/AsciiCasing.c.o.export	-	2287b7215e6a661b
/home/sam/repos/ix/.lake/packages/batteries/Batteries/Data/String/Basic.lean	b29f9ee788f1ffe1	b29f9ee788f1ffe1
/home/sam/repos/ix/.lake/packages/batteries/.lake/build/ir/Batteries/Data/String/Basic.c	6196eb506203db97	6196eb506203db97
/home/sam/repos/ix/.lake/packages/batteries/.lake/build/ir/Batteries/Data/String/Basic.c.o.export	-	4b43ee63c1afc445
/home/sam/repos/ix/.lake/packages/batteries/Batteries/Data/String/Legacy.lean	60047e7c7e8d8d41	60047e7c7e8d8d41
/home/sam/repos/ix/.lake/packages/batteries/.lake/build/ir/Batteries/Data/String/Legacy.c	a684ea3ad0443383	a684ea3ad0443383
/home/sam/repos/ix/.lake/packages/batteries/.lake/build/ir/Batteries/Data/String/Legacy.c.o.export	-	942696bc55833a89
/home/sam/repos/ix/.lake/packages/batteries/Batteries/CodeAction/Deprecated.lean	2d6ab6a34d079a1a	2d6ab6a34d079a1a
/home/sam/repos/ix/.lake/packages/batteries/.lake/build/ir/Batteries/CodeAction/Deprecated.c	5010d9d3e23eaa90	5010d9d3e23eaa90
/home/sam/repos/ix/.lake/packages/batteries/.lake/build/ir/Batteries/CodeAction/Deprecated.c.o.export	-	6a5bd6845ac3fb94
/home/sam/repos/ix/.lake/packages/batteries/Batteries/Tactic/Alias.lean	168423eee0e898b5	168423eee0e898b5
/home/sam/repos/ix/.lake/packages/batteries/.lake/build/ir/Batteries/Tactic/Alias.c	87c0f64ea787b9f8	87c0f64ea787b9f8
/home/sam/repos/ix/.lake/packages/batteries/.lake/build/ir/Batteries/Tactic/Alias.c.o.export	-	a51e35635ea01d2d
/home/sam/repos/ix/.lake/packages/batteries/Batteries/Data/List/Basic.lean	336c1df23df6a0a5	336c1df23df6a0a5
/home/sam/repos/ix/.lake/packages/batteries/.lake/build/ir/Batteries/Data/List/Basic.c	70a291d2624aebdd	70a291d2624aebdd
/home/sam/repos/ix/.lake/packages/batteries/.lake/build/ir/Batteries/Data/List/Basic.c.o.export	-	8db04ce08998c0a1
/home/sam/repos/ix/.lake/packages/batteries/Batteries/Data/String/Lemmas.lean	814aa01006db0545	814aa01006db0545
/home/sam/repos/ix/.lake/packages/batteries/.lake/build/ir/Batteries/Data/String/Lemmas.c	ef8e35c0c636f80f	ef8e35c0c636f80f
/home/sam/repos/ix/.lake/packages/batteries/.lake/build/ir/Batteries/Data/String/Lemmas.c.o.export	-	8a649d2486f4a521
/home/sam/repos/ix/.lake/packages/batteries/Batteries/Data/Array/Match.lean	a80b6b0911fe7b1d	a80b6b0911fe7b1d
/home/sam/repos/ix/.lake/packages/batteries/.lake/build/ir/Batteries/Data/Array/Match.c	fb1f703360de44db	fb1f703360de44db
/home/sam/repos/ix/.lake/packages/batteries/.lake/build/ir/Batteries/Data/Array/Match.c.o.export	-	84f205233d02981f
/home/sam/repos/ix/.lake/packages/batteries/Batteries/Data/String/Matcher.lean	88cf35bc68bc21dd	88cf35bc68bc21dd
/home/sam/repos/ix/.lake/packages/batteries/.lake/build/ir/Batteries/Data/String/Matcher.c	efe165868b7a6043	efe165868b7a6043
/home/sam/repos/ix/.lake/packages/batteries/.lake/build/ir/Batteries/Data/String/Matcher.c.o.export	-	9f6d94df7359cd64
/home/sam/repos/ix/.lake/packages/batteries/Batteries/Data/String.lean	3d89eaef72582e31	3d89eaef72582e31
/home/sam/repos/ix/.lake/packages/batteries/.lake/build/ir/Batteries/Data/String.c	145b9165d50f1589	145b9165d50f1589
/home/sam/repos/ix/.lake/packages/batteries/.lake/build/ir/Batteries/Data/String.c.o.export	-	f255b17f576de248
/tmp/ix-gpu-trace-codegen/Ix/Meta.lean	300644529be1cb8c	300644529be1cb8c
/home/sam/repos/ix/.lake/build/ir/Ix/Meta.c	4e5288cd323c603e	4e5288cd323c603e
/home/sam/repos/ix/.lake/build/ir/Ix/Meta.c.o.export	-	06c34986c125a8ff
/tmp/ix-gpu-trace-codegen/Ix/Cli/NameResolve.lean	dc3a7e5482565225	dc3a7e5482565225
/home/sam/repos/ix/.lake/build/ir/Ix/Cli/NameResolve.c	48b41ef38483b217	48b41ef38483b217
/home/sam/repos/ix/.lake/build/ir/Ix/Cli/NameResolve.c.o.export	-	cf28ea6a8ad8863b
/tmp/ix-gpu-trace-codegen/Ix/TracingTexray.lean	ef36b540bb60efa3	ef36b540bb60efa3
/home/sam/repos/ix/.lake/build/ir/Ix/TracingTexray.c	f0ebc2a5c9eb60f6	f0ebc2a5c9eb60f6
/home/sam/repos/ix/.lake/build/ir/Ix/TracingTexray.c.o.export	-	1dcadacacf638bed
/tmp/ix-gpu-trace-codegen/Ix/Lib.lean	ed8645ac237ffd40	ed8645ac237ffd40
/home/sam/repos/ix/.lake/build/ir/Ix/Lib.c	64bedde57be4567b	64bedde57be4567b
/home/sam/repos/ix/.lake/build/ir/Ix/Lib.c.o.export	-	2545d731ee52c7b5
/tmp/ix-gpu-trace-codegen/Ix/IndexMap.lean	470f56b5aba8827c	470f56b5aba8827c
/home/sam/repos/ix/.lake/build/ir/Ix/IndexMap.c	4d28d171c93cbc22	4d28d171c93cbc22
/home/sam/repos/ix/.lake/build/ir/Ix/IndexMap.c.o.export	-	12d9d6c5cb0c8768
/tmp/ix-gpu-trace-codegen/Ix/Aiur/Stages/Source.lean	0a0a49dfb25bf7fd	0a0a49dfb25bf7fd
/home/sam/repos/ix/.lake/build/ir/Ix/Aiur/Stages/Source.c	63e2c97164a8982f	63e2c97164a8982f
/home/sam/repos/ix/.lake/build/ir/Ix/Aiur/Stages/Source.c.o.export	-	1f1ca8257757c806
/tmp/ix-gpu-trace-codegen/Ix/Aiur/Meta.lean	819cf45afbcdd2a6	819cf45afbcdd2a6
/home/sam/repos/ix/.lake/build/ir/Ix/Aiur/Meta.c	2ec7972f5458efd0	2ec7972f5458efd0
/home/sam/repos/ix/.lake/build/ir/Ix/Aiur/Meta.c.o.export	-	4935b76e1d3b7db6
/tmp/ix-gpu-trace-codegen/Ix/IxVM/Blake3.lean	03b8c816fc965230	03b8c816fc965230
/home/sam/repos/ix/.lake/build/ir/Ix/IxVM/Blake3.c	9529e76c3605f96e	9529e76c3605f96e
/home/sam/repos/ix/.lake/build/ir/Ix/IxVM/Blake3.c.o.export	-	8365fc77de281292
/tmp/ix-gpu-trace-codegen/Ix/IxVM/Core.lean	2c02376bd5496605	2c02376bd5496605
/home/sam/repos/ix/.lake/build/ir/Ix/IxVM/Core.c	8bc19c64f0dbc128	8bc19c64f0dbc128
/home/sam/repos/ix/.lake/build/ir/Ix/IxVM/Core.c.o.export	-	e37da076cd96d3bf
/tmp/ix-gpu-trace-codegen/Ix/IxVM/ByteStream.lean	e2a4caeb8cdf8626	e2a4caeb8cdf8626
/home/sam/repos/ix/.lake/build/ir/Ix/IxVM/ByteStream.c	9cc3829fd5960dcf	9cc3829fd5960dcf
/home/sam/repos/ix/.lake/build/ir/Ix/IxVM/ByteStream.c.o.export	-	f3785169d9d7eefb
/tmp/ix-gpu-trace-codegen/Ix/MultiStark/Deserialize.lean	460a3764d1db50ac	460a3764d1db50ac
/home/sam/repos/ix/.lake/build/ir/Ix/MultiStark/Deserialize.c	5cfe909b3190654e	5cfe909b3190654e
/home/sam/repos/ix/.lake/build/ir/Ix/MultiStark/Deserialize.c.o.export	-	186e5f8016f3e3ff
/tmp/ix-gpu-trace-codegen/Ix/MultiStark/Keccak.lean	b1c6b4633923c5f1	b1c6b4633923c5f1
/home/sam/repos/ix/.lake/build/ir/Ix/MultiStark/Keccak.c	e2ee4f701122e0f4	e2ee4f701122e0f4
/home/sam/repos/ix/.lake/build/ir/Ix/MultiStark/Keccak.c.o.export	-	61bd217dfb326fe8
/tmp/ix-gpu-trace-codegen/Ix/MultiStark/Pcs.lean	d3456e865ac5c272	d3456e865ac5c272
/home/sam/repos/ix/.lake/build/ir/Ix/MultiStark/Pcs.c	cc9e9ffe6817331a	cc9e9ffe6817331a
/home/sam/repos/ix/.lake/build/ir/Ix/MultiStark/Pcs.c.o.export	-	3b6c4d65debbe497
/tmp/ix-gpu-trace-codegen/Ix/MultiStark/SystemDeserialize.lean	837a643bff4d7912	837a643bff4d7912
/home/sam/repos/ix/.lake/build/ir/Ix/MultiStark/SystemDeserialize.c	0d3ff5cde741c891	0d3ff5cde741c891
/home/sam/repos/ix/.lake/build/ir/Ix/MultiStark/SystemDeserialize.c.o.export	-	b6be9f175d72fab9
/tmp/ix-gpu-trace-codegen/Ix/MultiStark/Verifier.lean	392ee84be5022884	392ee84be5022884
/home/sam/repos/ix/.lake/build/ir/Ix/MultiStark/Verifier.c	38af95e26950286b	38af95e26950286b
/home/sam/repos/ix/.lake/build/ir/Ix/MultiStark/Verifier.c.o.export	-	c65212d54485c3c0
/tmp/ix-gpu-trace-codegen/Ix/Aggr/Circuit.lean	e8c3de35ec330b03	e8c3de35ec330b03
/home/sam/repos/ix/.lake/build/ir/Ix/Aggr/Circuit.c	bee8c8219d05b890	bee8c8219d05b890
/home/sam/repos/ix/.lake/build/ir/Ix/Aggr/Circuit.c.o.export	-	1fc9ec220be3bf84
/tmp/ix-gpu-trace-codegen/Ix/Aggr/FunctionGroups.lean	79ad7dd58b66ed66	79ad7dd58b66ed66
/home/sam/repos/ix/.lake/build/ir/Ix/Aggr/FunctionGroups.c	2a2741073a38ec19	2a2741073a38ec19
/home/sam/repos/ix/.lake/build/ir/Ix/Aggr/FunctionGroups.c.o.export	-	06e6c9a5ae08db82
/tmp/ix-gpu-trace-codegen/Ix/Aggr/Host.lean	c012126eb504ab40	c012126eb504ab40
/home/sam/repos/ix/.lake/build/ir/Ix/Aggr/Host.c	5c55f91e21eda24e	5c55f91e21eda24e
/home/sam/repos/ix/.lake/build/ir/Ix/Aggr/Host.c.o.export	-	55eca301228f90c1
/tmp/ix-gpu-trace-codegen/Ix/MultiStark/Goldilocks.lean	be555d7d986834ae	be555d7d986834ae
/home/sam/repos/ix/.lake/build/ir/Ix/MultiStark/Goldilocks.c	26534aaf7cfb34fc	26534aaf7cfb34fc
/home/sam/repos/ix/.lake/build/ir/Ix/MultiStark/Goldilocks.c.o.export	-	6877a924954e48b1
/tmp/ix-gpu-trace-codegen/Ix/MultiStark/Aggregate.lean	587b82d1d30315a6	587b82d1d30315a6
/home/sam/repos/ix/.lake/build/ir/Ix/MultiStark/Aggregate.c	45636e1afaeef12f	45636e1afaeef12f
/home/sam/repos/ix/.lake/build/ir/Ix/MultiStark/Aggregate.c.o.export	-	d6fa3a77acaf349e
/tmp/ix-gpu-trace-codegen/Ix/MultiStark/Host.lean	f9605e9e029a0519	f9605e9e029a0519
/home/sam/repos/ix/.lake/build/ir/Ix/MultiStark/Host.c	303bfaa4357607e1	303bfaa4357607e1
/home/sam/repos/ix/.lake/build/ir/Ix/MultiStark/Host.c.o.export	-	69699d22002513ad
/tmp/ix-gpu-trace-codegen/Ix/MultiStark/VerifierFunctionGroups.lean	1c304aaac7f49e3c	1c304aaac7f49e3c
/home/sam/repos/ix/.lake/build/ir/Ix/MultiStark/VerifierFunctionGroups.c	24e4366712011ff2	24e4366712011ff2
/home/sam/repos/ix/.lake/build/ir/Ix/MultiStark/VerifierFunctionGroups.c.o.export	-	516bce7d820a47c8
/tmp/ix-gpu-trace-codegen/Ix/MultiStark/Tests.lean	fd79c6ca8dbe8ea5	fd79c6ca8dbe8ea5
/home/sam/repos/ix/.lake/build/ir/Ix/MultiStark/Tests.c	ea4746043cfcba3b	ea4746043cfcba3b
/home/sam/repos/ix/.lake/build/ir/Ix/MultiStark/Tests.c.o.export	-	151a4895a82c59c0
/tmp/ix-gpu-trace-codegen/Ix/MultiStark.lean	82767a20fd301254	82767a20fd301254
/home/sam/repos/ix/.lake/build/ir/Ix/MultiStark.c	911c1ea9ca9be270	911c1ea9ca9be270
/home/sam/repos/ix/.lake/build/ir/Ix/MultiStark.c.o.export	-	34b53b2697f11e68
/tmp/ix-gpu-trace-codegen/Ix/Aggr.lean	e67fd523adb2c66d	e67fd523adb2c66d
/home/sam/repos/ix/.lake/build/ir/Ix/Aggr.c	9b9509d503f31433	9b9509d503f31433
/home/sam/repos/ix/.lake/build/ir/Ix/Aggr.c.o.export	-	2496088eb0ec9038
/tmp/ix-gpu-trace-codegen/Ix/Aiur/Stages/Typed.lean	858a8572ccbbcee9	858a8572ccbbcee9
/home/sam/repos/ix/.lake/build/ir/Ix/Aiur/Stages/Typed.c	11abc17b80f7d94c	11abc17b80f7d94c
/home/sam/repos/ix/.lake/build/ir/Ix/Aiur/Stages/Typed.c.o.export	-	f72194df4ec94ef3
/tmp/ix-gpu-trace-codegen/Ix/Aiur/Stages/Simple.lean	eb6a190a056239e5	eb6a190a056239e5
/home/sam/repos/ix/.lake/build/ir/Ix/Aiur/Stages/Simple.c	9d463e2a9b7ebd7c	9d463e2a9b7ebd7c
/home/sam/repos/ix/.lake/build/ir/Ix/Aiur/Stages/Simple.c.o.export	-	619067c55f80c930
/tmp/ix-gpu-trace-codegen/Ix/Aiur/Stages/Concrete.lean	6f8aea3eb65938e1	6f8aea3eb65938e1
/home/sam/repos/ix/.lake/build/ir/Ix/Aiur/Stages/Concrete.c	bb78843896733a33	bb78843896733a33
/home/sam/repos/ix/.lake/build/ir/Ix/Aiur/Stages/Concrete.c.o.export	-	889bc3c4825cb6f6
/tmp/ix-gpu-trace-codegen/Ix/Aiur/Compiler/Layout.lean	f18387ecd5b0c2d8	f18387ecd5b0c2d8
/home/sam/repos/ix/.lake/build/ir/Ix/Aiur/Compiler/Layout.c	f1cb75a2b78b565b	f1cb75a2b78b565b
/home/sam/repos/ix/.lake/build/ir/Ix/Aiur/Compiler/Layout.c.o.export	-	1a974fe19bc6b73a
/tmp/ix-gpu-trace-codegen/Ix/Aiur/Compiler/Lower.lean	831dfb18156e5b9a	831dfb18156e5b9a
/home/sam/repos/ix/.lake/build/ir/Ix/Aiur/Compiler/Lower.c	ea12daa8757bc580	ea12daa8757bc580
/home/sam/repos/ix/.lake/build/ir/Ix/Aiur/Compiler/Lower.c.o.export	-	0b26ba6ac3ba84c6
/tmp/ix-gpu-trace-codegen/Ix/Aiur/Compiler/Dedup.lean	edc01bbb2d43577c	edc01bbb2d43577c
/home/sam/repos/ix/.lake/build/ir/Ix/Aiur/Compiler/Dedup.c	fda0859e1607194a	fda0859e1607194a
/home/sam/repos/ix/.lake/build/ir/Ix/Aiur/Compiler/Dedup.c.o.export	-	18aba66467c6bc07
/tmp/ix-gpu-trace-codegen/Ix/Aiur/Compiler/Check.lean	0caf97e8ae688490	0caf97e8ae688490
/home/sam/repos/ix/.lake/build/ir/Ix/Aiur/Compiler/Check.c	d3a1bd4e37d1686f	d3a1bd4e37d1686f
/home/sam/repos/ix/.lake/build/ir/Ix/Aiur/Compiler/Check.c.o.export	-	7bff093651d56bfe
/tmp/ix-gpu-trace-codegen/Ix/SmallMap.lean	2e513ab3dd5aa561	2e513ab3dd5aa561
/home/sam/repos/ix/.lake/build/ir/Ix/SmallMap.c	254a9b518b843224	254a9b518b843224
/home/sam/repos/ix/.lake/build/ir/Ix/SmallMap.c.o.export	-	678c070f00e3dd34
/tmp/ix-gpu-trace-codegen/Ix/Aiur/Compiler/Match.lean	687f399dade1e8c1	687f399dade1e8c1
/home/sam/repos/ix/.lake/build/ir/Ix/Aiur/Compiler/Match.c	7cdffe29ed7694f1	7cdffe29ed7694f1
/home/sam/repos/ix/.lake/build/ir/Ix/Aiur/Compiler/Match.c.o.export	-	838b382e2da846b6
/tmp/ix-gpu-trace-codegen/Ix/Aiur/Compiler/Simple.lean	ef414075bb899715	ef414075bb899715
/home/sam/repos/ix/.lake/build/ir/Ix/Aiur/Compiler/Simple.c	d44ee9f4defa60c2	d44ee9f4defa60c2
/home/sam/repos/ix/.lake/build/ir/Ix/Aiur/Compiler/Simple.c.o.export	-	554a574eace4f64b
/tmp/ix-gpu-trace-codegen/Ix/Aiur/Compiler/Concretize.lean	7117cb2008a070ec	7117cb2008a070ec
/home/sam/repos/ix/.lake/build/ir/Ix/Aiur/Compiler/Concretize.c	3424c24c354a8ba3	3424c24c354a8ba3
/home/sam/repos/ix/.lake/build/ir/Ix/Aiur/Compiler/Concretize.c.o.export	-	1d37b42e9b73aaaa
/tmp/ix-gpu-trace-codegen/Ix/Aiur/Compiler.lean	c054008a9904c46e	c054008a9904c46e
/home/sam/repos/ix/.lake/build/ir/Ix/Aiur/Compiler.c	da26b408d1940a86	da26b408d1940a86
/home/sam/repos/ix/.lake/build/ir/Ix/Aiur/Compiler.c.o.export	-	3ecf6ac82c6ef9a3
/tmp/ix-gpu-trace-codegen/Ix/Aiur/Semantics/Flatten.lean	796ffd63d533489b	796ffd63d533489b
/home/sam/repos/ix/.lake/build/ir/Ix/Aiur/Semantics/Flatten.c	1219d0540f796b73	1219d0540f796b73
/home/sam/repos/ix/.lake/build/ir/Ix/Aiur/Semantics/Flatten.c.o.export	-	5ffd715f4702cd9a
/tmp/ix-gpu-trace-codegen/Ix/Aiur/Interpret.lean	57a74afe363d9253	57a74afe363d9253
/home/sam/repos/ix/.lake/build/ir/Ix/Aiur/Interpret.c	9d9a0d25f08010f3	9d9a0d25f08010f3
/home/sam/repos/ix/.lake/build/ir/Ix/Aiur/Interpret.c.o.export	-	dcb7c91636c9c571
/tmp/ix-gpu-trace-codegen/Ix/Aiur/Statistics.lean	e93b8db673f928a3	e93b8db673f928a3
/home/sam/repos/ix/.lake/build/ir/Ix/Aiur/Statistics.c	cc74f3dc6617bbc8	cc74f3dc6617bbc8
/home/sam/repos/ix/.lake/build/ir/Ix/Aiur/Statistics.c.o.export	-	277a62854f754d83
/tmp/ix-gpu-trace-codegen/Ix/IxVM/FunctionGroups.lean	0ed450cdff86fa7a	0ed450cdff86fa7a
/home/sam/repos/ix/.lake/build/ir/Ix/IxVM/FunctionGroups.c	2304ac35edb13a1b	2304ac35edb13a1b
/home/sam/repos/ix/.lake/build/ir/Ix/IxVM/FunctionGroups.c.o.export	-	46d637b0eba064e7
/tmp/ix-gpu-trace-codegen/Ix/IxVM/RBTreeMap.lean	c766f73f80699c5e	c766f73f80699c5e
/home/sam/repos/ix/.lake/build/ir/Ix/IxVM/RBTreeMap.c	7a0cee6edd9680d2	7a0cee6edd9680d2
/home/sam/repos/ix/.lake/build/ir/Ix/IxVM/RBTreeMap.c.o.export	-	c560d508218a821f
/tmp/ix-gpu-trace-codegen/Ix/IxVM/Ixon.lean	8a20190a00bce482	8a20190a00bce482
/home/sam/repos/ix/.lake/build/ir/Ix/IxVM/Ixon.c	afe50bfb782f09d5	afe50bfb782f09d5
/home/sam/repos/ix/.lake/build/ir/Ix/IxVM/Ixon.c.o.export	-	fdaae835a009a894
/tmp/ix-gpu-trace-codegen/Ix/IxVM/IxonSerialize.lean	1dc96b31c302c7d6	1dc96b31c302c7d6
/home/sam/repos/ix/.lake/build/ir/Ix/IxVM/IxonSerialize.c	8414e03e59701adc	8414e03e59701adc
/home/sam/repos/ix/.lake/build/ir/Ix/IxVM/IxonSerialize.c.o.export	-	b3e2290f0d4f235f
/tmp/ix-gpu-trace-codegen/Ix/IxVM/IxonDeserialize.lean	41e49a33995be04f	41e49a33995be04f
/home/sam/repos/ix/.lake/build/ir/Ix/IxVM/IxonDeserialize.c	1b92cb2e65c74ccc	1b92cb2e65c74ccc
/home/sam/repos/ix/.lake/build/ir/Ix/IxVM/IxonDeserialize.c.o.export	-	01c7c166b207c4c0
/tmp/ix-gpu-trace-codegen/Ix/IxVM.lean	071375806adcc017	071375806adcc017
/home/sam/repos/ix/.lake/build/ir/Ix/IxVM.c	e32530819b3ac425	e32530819b3ac425
/home/sam/repos/ix/.lake/build/ir/Ix/IxVM.c.o.export	-	71e1245b8247c37d
/tmp/ix-gpu-trace-codegen/Ix/IxVM/KernelTypes.lean	50ace9883134f45c	50ace9883134f45c
/home/sam/repos/ix/.lake/build/ir/Ix/IxVM/KernelTypes.c	d74ed7bdbb437916	d74ed7bdbb437916
/home/sam/repos/ix/.lake/build/ir/Ix/IxVM/KernelTypes.c.o.export	-	38b8d65b81442756
/tmp/ix-gpu-trace-codegen/Ix/IxVM/Kernel/Klimbs.lean	1410e96aa6091e76	1410e96aa6091e76
/home/sam/repos/ix/.lake/build/ir/Ix/IxVM/Kernel/Klimbs.c	eeaab54c81fc0e46	eeaab54c81fc0e46
/home/sam/repos/ix/.lake/build/ir/Ix/IxVM/Kernel/Klimbs.c.o.export	-	3b27bdf15a165004
/tmp/ix-gpu-trace-codegen/Ix/IxVM/Kernel/NatPrim.lean	ad764ad48316815d	ad764ad48316815d
/home/sam/repos/ix/.lake/build/ir/Ix/IxVM/Kernel/NatPrim.c	36acda166dff2a7b	36acda166dff2a7b
/home/sam/repos/ix/.lake/build/ir/Ix/IxVM/Kernel/NatPrim.c.o.export	-	709f42348088a0e7
/tmp/ix-gpu-trace-codegen/Ix/IxVM/Convert.lean	d29a2a914ff81bb0	d29a2a914ff81bb0
/home/sam/repos/ix/.lake/build/ir/Ix/IxVM/Convert.c	c31c2974092c7b2e	c31c2974092c7b2e
/home/sam/repos/ix/.lake/build/ir/Ix/IxVM/Convert.c.o.export	-	cc83c66545ce0196
/tmp/ix-gpu-trace-codegen/Ix/IxVM/Ingress.lean	9cdf5432c35f5e19	9cdf5432c35f5e19
/home/sam/repos/ix/.lake/build/ir/Ix/IxVM/Ingress.c	90f2426c6898f4ef	90f2426c6898f4ef
/home/sam/repos/ix/.lake/build/ir/Ix/IxVM/Ingress.c.o.export	-	f85706ce1e3c3251
/tmp/ix-gpu-trace-codegen/Ix/IxVM/Kernel/Levels.lean	cc43705e0de6fd1c	cc43705e0de6fd1c
/home/sam/repos/ix/.lake/build/ir/Ix/IxVM/Kernel/Levels.c	8544b7f5713130ea	8544b7f5713130ea
/home/sam/repos/ix/.lake/build/ir/Ix/IxVM/Kernel/Levels.c.o.export	-	6658c1c013064be9
/tmp/ix-gpu-trace-codegen/Ix/IxVM/Kernel/Subst.lean	755e0018ea482f16	755e0018ea482f16
/home/sam/repos/ix/.lake/build/ir/Ix/IxVM/Kernel/Subst.c	75c0045ecc3594e3	75c0045ecc3594e3
/home/sam/repos/ix/.lake/build/ir/Ix/IxVM/Kernel/Subst.c.o.export	-	e3dae6e74534feed
/tmp/ix-gpu-trace-codegen/Ix/IxVM/Kernel/Whnf.lean	553b7a863af5e0d8	553b7a863af5e0d8
/home/sam/repos/ix/.lake/build/ir/Ix/IxVM/Kernel/Whnf.c	c764ce66f92688bb	c764ce66f92688bb
/home/sam/repos/ix/.lake/build/ir/Ix/IxVM/Kernel/Whnf.c.o.export	-	2098bbf40dc42ba3
/tmp/ix-gpu-trace-codegen/Ix/IxVM/Kernel/InferOnly.lean	236a3fa031415a18	236a3fa031415a18
/home/sam/repos/ix/.lake/build/ir/Ix/IxVM/Kernel/InferOnly.c	5c5500496a782f9d	5c5500496a782f9d
/home/sam/repos/ix/.lake/build/ir/Ix/IxVM/Kernel/InferOnly.c.o.export	-	ee17257e270bb723
/tmp/ix-gpu-trace-codegen/Ix/IxVM/Kernel/DefEq.lean	82665dd8429f13a4	82665dd8429f13a4
/home/sam/repos/ix/.lake/build/ir/Ix/IxVM/Kernel/DefEq.c	1418dcf1fb1368a9	1418dcf1fb1368a9
/home/sam/repos/ix/.lake/build/ir/Ix/IxVM/Kernel/DefEq.c.o.export	-	8d63342741927146
/tmp/ix-gpu-trace-codegen/Ix/IxVM/Kernel/Infer.lean	89138c261ea31351	89138c261ea31351
/home/sam/repos/ix/.lake/build/ir/Ix/IxVM/Kernel/Infer.c	ca5a01375025a1b1	ca5a01375025a1b1
/home/sam/repos/ix/.lake/build/ir/Ix/IxVM/Kernel/Infer.c.o.export	-	56cced23fb667bf7
/tmp/ix-gpu-trace-codegen/Ix/IxVM/Kernel/CanonicalCheck.lean	6f26827c8f1ad866	6f26827c8f1ad866
/home/sam/repos/ix/.lake/build/ir/Ix/IxVM/Kernel/CanonicalCheck.c	6074a5f105359109	6074a5f105359109
/home/sam/repos/ix/.lake/build/ir/Ix/IxVM/Kernel/CanonicalCheck.c.o.export	-	52b6728f06bc2dab
/tmp/ix-gpu-trace-codegen/Ix/IxVM/Kernel/Check.lean	2af0bc124fce2949	2af0bc124fce2949
/home/sam/repos/ix/.lake/build/ir/Ix/IxVM/Kernel/Check.c	a4617f6fc5407c4c	a4617f6fc5407c4c
/home/sam/repos/ix/.lake/build/ir/Ix/IxVM/Kernel/Check.c.o.export	-	df4ad4735728c658
/tmp/ix-gpu-trace-codegen/Ix/IxVM/Kernel/Claim.lean	48e767c0c6f911d5	48e767c0c6f911d5
/home/sam/repos/ix/.lake/build/ir/Ix/IxVM/Kernel/Claim.c	c5bff0e76aa6e062	c5bff0e76aa6e062
/home/sam/repos/ix/.lake/build/ir/Ix/IxVM/Kernel/Claim.c.o.export	-	b5a8fdd7a24868a2
/tmp/ix-gpu-trace-codegen/Ix/IxVM/Toplevel.lean	feab9ec348e37b12	feab9ec348e37b12
/home/sam/repos/ix/.lake/build/ir/Ix/IxVM/Toplevel.c	6d3d27150c5e58fb	6d3d27150c5e58fb
/home/sam/repos/ix/.lake/build/ir/Ix/IxVM/Toplevel.c.o.export	-	7dc89a8cb91fd918
/tmp/ix-gpu-trace-codegen/Ix/Benchmark/Results.lean	22daeb19f863701a	22daeb19f863701a
/home/sam/repos/ix/.lake/build/ir/Ix/Benchmark/Results.c	9cd0a7f1beea7ab5	9cd0a7f1beea7ab5
/home/sam/repos/ix/.lake/build/ir/Ix/Benchmark/Results.c.o.export	-	6219bd5824825053
/tmp/ix-gpu-trace-codegen/Ix/KernelCheck.lean	ab4c498a1036bf41	ab4c498a1036bf41
/home/sam/repos/ix/.lake/build/ir/Ix/KernelCheck.c	4293091c3e8680ab	4293091c3e8680ab
/home/sam/repos/ix/.lake/build/ir/Ix/KernelCheck.c.o.export	-	f03ba2832e68c394
/tmp/ix-gpu-trace-codegen/Ix/Cli/CheckCmd.lean	8e86dea409e51ab5	8e86dea409e51ab5
/home/sam/repos/ix/.lake/build/ir/Ix/Cli/CheckCmd.c	e9bb4912e1aad4f4	e9bb4912e1aad4f4
/home/sam/repos/ix/.lake/build/ir/Ix/Cli/CheckCmd.c.o.export	-	c270c9d5f66f4d45
/tmp/ix-gpu-trace-codegen/Ix/Cli/AggregateCmd.lean	9f45f3b0f05f4956	9f45f3b0f05f4956
/home/sam/repos/ix/.lake/build/ir/Ix/Cli/AggregateCmd.c	750d7f97a46f75d4	750d7f97a46f75d4
/home/sam/repos/ix/.lake/build/ir/Ix/Cli/AggregateCmd.c.o.export	-	b02dba60a4eb34c5
